"","kingdom","phylum","class","order","family","genus","species"
"1","Fungi","Mucoromycota","Mucoromycetes","Mucorales","Cunninghamellaceae","Absidia","Absidia repens"
"2","Fungi","Mucoromycota","Mucoromycetes","Mucorales","Cunninghamellaceae","Absidia","unidentified"
"3","Fungi","Mucoromycota","Glomeromycetes","Diversisporales","Acaulosporaceae","Acaulospora","unidentified"
"4","Fungi","Ascomycota","Leotiomycetes","Helotiales","Mollisiaceae","Acephala","unidentified"
"5","Fungi","Ascomycota","Sordariomycetes","Hypocreales","unidentified","unidentified","unidentified"
"12","Fungi","Ascomycota","Dothideomycetes","Pleosporales","Morosphaeriaceae","Acrocalymma","Acrocalymma medicaginis"
"13","Fungi","Ascomycota","Dothideomycetes","Pleosporales","Morosphaeriaceae","Acrocalymma","Acrocalymma vagum"
"14","Fungi","Ascomycota","Sordariomycetes","Glomerellales","Plectosphaerellaceae","Acrostalagmus","Acrostalagmus luteoalbus"
"15","Fungi","Ascomycota","Sordariomycetes","Glomerellales","Plectosphaerellaceae","Acrostalagmus","unidentified"
"16","Fungi","Mucoromycota","Mucoromycetes","Mucorales","Mucoraceae","Actinomucor","Actinomucor elegans"
"17","Fungi","Ascomycota","Dothideomycetes","Pleosporales","Pleosporaceae","Alternaria","Alternaria atra"
"18","Fungi","Ascomycota","Dothideomycetes","Pleosporales","Pleosporaceae","Alternaria","unidentified"
"19","Fungi","Ascomycota","Dothideomycetes","Pleosporales","Pleosporaceae","Alternaria","Alternaria eichhorniae"
"20","Fungi","Ascomycota","Dothideomycetes","Pleosporales","Pleosporaceae","Alternaria","Alternaria infectoria"
"21","Fungi","Ascomycota","Dothideomycetes","Pleosporales","Pleosporaceae","Alternaria","Alternaria japonica"
"22","Fungi","Ascomycota","Dothideomycetes","Pleosporales","Pleosporaceae","Alternaria","Alternaria obclavata"
"23","Fungi","Ascomycota","Dothideomycetes","Pleosporales","Pleosporaceae","Alternaria","Alternaria penicillata"
"24","Fungi","Ascomycota","Dothideomycetes","Pleosporales","Pleosporaceae","Alternaria","Alternaria planifunda"
"25","Fungi","Ascomycota","Dothideomycetes","Pleosporales","Pleosporaceae","Alternaria","Alternaria sonchi"
"27","Fungi","Ascomycota","Dothideomycetes","Pleosporales","Pleosporaceae","Alternaria","Alternaria triticina"
"28","Fungi","Ascomycota","Dothideomycetes","Pleosporales","Pleosporaceae","Alternaria","Alternaria zinniae"
"29","Fungi","Ascomycota","Dothideomycetes","Mycosphaerellales","Mycosphaerellaceae","Amycosphaerella","unidentified"
"30","Fungi","Ascomycota","Sordariomycetes","Xylariales","unidentified","unidentified","unidentified"
"31","Fungi","Ascomycota","Eurotiomycetes","Onygenales","Onygenaceae","Aphanoascus","Aphanoascus mephitalis"
"32","Fungi","Basidiomycota","Tremellomycetes","Trichosporonales","Trichosporonaceae","Apiotrichum","Apiotrichum dehoogii"
"33","Fungi","Basidiomycota","Tremellomycetes","Trichosporonales","Trichosporonaceae","Apiotrichum","Apiotrichum gamsii"
"34","Fungi","Basidiomycota","Tremellomycetes","Trichosporonales","Trichosporonaceae","Apiotrichum","Apiotrichum laibachii"
"35","Fungi","Basidiomycota","Tremellomycetes","Trichosporonales","Trichosporonaceae","Apiotrichum","Apiotrichum mycotoxinovorans"
"36","Fungi","Ascomycota","Dothideomycetes","Botryosphaeriales","Aplosporellaceae","Aplosporella","unidentified"
"37","Fungi","Ascomycota","Sordariomycetes","Sordariales","Lasiosphaeriaceae","Apodus","Apodus deciduus"
"38","Fungi","Ascomycota","Sordariomycetes","Sordariales","Lasiosphaeriaceae","Apodus","unidentified"
"39","Fungi","Ascomycota","Eurotiomycetes","Onygenales","Arachnomycetaceae","Arachnomyces","Arachnomyces gracilis"
"40","Fungi","Ascomycota","Eurotiomycetes","Onygenales","Arachnomycetaceae","Arachnomyces","Arachnomyces kanei"
"41","Fungi","Ascomycota","Eurotiomycetes","Onygenales","Arachnomycetaceae","Arachnomyces","Arachnomyces minimus"
"42","Fungi","Ascomycota","Eurotiomycetes","Onygenales","Arachnomycetaceae","Arachnomyces","Arachnomyces pilosus"
"43","Fungi","Mucoromycota","Glomeromycetes","Archaeosporales","Archaeosporaceae","Archaeospora","unidentified"
"44","Fungi","Basidiomycota","Agaricomycetes","Agaricales","Physalacriaceae","Armillaria","Armillaria ostoyae"
"45","Fungi","Ascomycota","Sordariomycetes","Sordariales","Lasiosphaeriaceae","Arnium","unidentified"
"46","Fungi","Ascomycota","Arthoniomycetes","Arthoniales","Arthoniaceae","Arthothelium","unidentified"
"47","Fungi","Ascomycota","Orbiliomycetes","Orbiliales","Orbiliaceae","Orbilia","Orbilia cladodes"
"48","Fungi","Ascomycota","Orbiliomycetes","Orbiliales","Orbiliaceae","Arthrobotrys","Arthrobotrys flagrans"
"49","unidentified","unidentified","unidentified","unidentified","unidentified","unidentified","unidentified"
"50","Fungi","Ascomycota","Orbiliomycetes","Orbiliales","Orbiliaceae","Arthrobotrys","unidentified"
"51","Fungi","Ascomycota","Eurotiomycetes","Onygenales","Arthrodermataceae","Arthroderma","Arthroderma uncinatum"
"52","Fungi","Ascomycota","Dothideomycetes","Eremomycetales","Eremomycetaceae","Arthrographis","unidentified"
"53","Fungi","Ascomycota","Eurotiomycetes","Onygenales","unidentified","unidentified","unidentified"
"54","Fungi","Ascomycota","Leotiomycetes","Helotiales","Discinellaceae","Articulospora","unidentified"
"55","Fungi","Ascomycota","Pezizomycetes","Pezizales","Ascobolaceae","Ascobolus","unidentified"
"56","Fungi","Ascomycota","Pezizomycetes","Pezizales","Ascobolaceae","Ascobolus","Ascobolus stercorarius"
"57","Fungi","Ascomycota","Dothideomycetes","Pleosporales","Didymellaceae","Ascochyta","Ascochyta manawaorae"
"58","Fungi","Ascomycota","Pezizomycetes","Pezizales","Pyronemataceae","Ascorhizoctonia","unidentified"
"59","Fungi","Ascomycota","Eurotiomycetes","Eurotiales","Aspergillaceae","Aspergillus","unidentified"
"94","Fungi","Basidiomycota","Agaricomycetes","Boletales","Astraeaceae","Astraeus","Astraeus telleriae"
"95","Fungi","Basidiomycota","Agaricomycetes","Auriculariales","Auriculariaceae","Auricularia","unidentified"
"96","Fungi","Ascomycota","Eurotiomycetes","Onygenales","Onygenaceae","Auxarthron","Auxarthron concentricum"
"97","Fungi","Ascomycota","Saccharomycetes","Saccharomycetales","Phaffomycetaceae","Barnettozyma","Barnettozyma californica"
"98","Fungi","Ascomycota","Sordariomycetes","Xylariales","Sporocadaceae","Bartalinia","Bartalinia robillardoides"
"99","Fungi","Basidiomycota","Geminibasidiomycetes","Geminibasidiales","Geminibasidiaceae","Basidioascus","Basidioascus undulatus"
"100","Fungi","Basidiomycota","Microbotryomycetes","Microbotryales","Ustilentylomataceae","Bauerago","Bauerago abstrusa"
"101","Fungi","Ascomycota","Sordariomycetes","Hypocreales","Cordycipitaceae","Beauveria","Beauveria bassiana"
"102","Fungi","Ascomycota","Sordariomycetes","Hypocreales","Cordycipitaceae","Beauveria","Beauveria felina"
"103","Fungi","Ascomycota","Sordariomycetes","Hypocreales","Cordycipitaceae","Beauveria","unidentified"
"104","Fungi","Ascomycota","Sordariomycetes","Hypocreales","Bionectriaceae","Clonostachys","unidentified"
"105","Fungi","Ascomycota","Saccharomycetes","Saccharomycetales","Trichomonascaceae","Blastobotrys","Blastobotrys raffinosifermentans"
"106","Fungi","Ascomycota","Saccharomycetes","Saccharomycetales","Trichomonascaceae","Blastobotrys","Blastobotrys serpentis"
"107","Fungi","Ascomycota","Leotiomycetes","Helotiales","Helotiaceae","Bloxamia","unidentified"
"108","Fungi","Ascomycota","Leotiomycetes","Erysiphales","Erysiphaceae","Blumeria","Blumeria graminis"
"109","Fungi","Ascomycota","Dothideomycetes","Pleosporales","Didymellaceae","Boeremia","Boeremia exigua"
"110","Fungi","Ascomycota","Dothideomycetes","Botryosphaeriales","Botryosphaeriaceae","Botryosphaeria","unidentified"
"111","Fungi","Ascomycota","Leotiomycetes","Helotiales","Sclerotiniaceae","Botrytis","Botrytis cinerea"
"112","Fungi","Ascomycota","Eurotiomycetes","Chaetothyriales","Trichomeriaceae","Bradymyces","Bradymyces alpinus"
"113","Fungi","Ascomycota","Saccharomycetes","Saccharomycetales","Pichiaceae","Brettanomyces","Brettanomyces bruxellensis"
"114","Fungi","Ascomycota","Sordariomycetes","Microascales","Ceratocystidaceae","Bretziella","Bretziella fagacearum"
"115","Fungi","Basidiomycota","Tremellomycetes","Tremellales","Bulleraceae","Bullera","Bullera coprosmae"
"116","Fungi","Basidiomycota","Tremellomycetes","Tremellales","Bulleraceae","Bullera","Bullera unica"
"117","Fungi","Ascomycota","Eurotiomycetes","Eurotiales","Thermoascaceae","Byssochlamys","Byssochlamys fulva"
"118","Fungi","Ascomycota","Eurotiomycetes","Eurotiales","Thermoascaceae","Byssochlamys","Byssochlamys nivea"
"119","Fungi","Ascomycota","Leotiomycetes","Helotiales","unidentified","unidentified","unidentified"
"123","Fungi","Mucoromycota","unidentified","unidentified","unidentified","unidentified","unidentified"
"124","Fungi","Ascomycota","Leotiomycetes","Helotiales","Dermateaceae","Calloria","unidentified"
"125","Fungi","Basidiomycota","Agaricomycetes","Agaricales","Lycoperdaceae","Calvatia","Calvatia fragilis"
"126","Fungi","Ascomycota","Leotiomycetes","Helotiales","Pezizellaceae","Calycina","Calycina claroflava"
"127","Fungi","Basidiomycota","Agaricomycetes","Agaricales","Tricholomataceae","Calyptella","Calyptella capula"
"128","Fungi","Ascomycota","Saccharomycetes","Saccharomycetales","Pichiaceae","Ogataea","[Candida] boidinii"
"129","Fungi","Ascomycota","Saccharomycetes","Saccharomycetales","Debaryomycetaceae","unidentified","unidentified"
"130","Fungi","Ascomycota","Saccharomycetes","Saccharomycetales","Metschnikowiaceae","Clavispora","[Candida] intermedia"
"131","Fungi","Ascomycota","Saccharomycetes","Saccharomycetales","Phaffomycetaceae","Barnettozyma","[Candida] norvegica"
"132","Fungi","Ascomycota","Saccharomycetes","Saccharomycetales","Debaryomycetaceae","Candida","Candida parapsilosis"
"133","Fungi","Ascomycota","Saccharomycetes","Saccharomycetales","Debaryomycetaceae","Kurtzmaniella","[Candida] quercitrusa"
"134","Fungi","Ascomycota","Saccharomycetes","Saccharomycetales","Debaryomycetaceae","Kurtzmaniella","[Candida] railenensis"
"135","Fungi","Ascomycota","Saccharomycetes","Saccharomycetales","unidentified","unidentified","unidentified"
"137","Fungi","Ascomycota","Saccharomycetes","Saccharomycetales","Debaryomycetaceae","Candida","Candida tropicalis"
"138","Fungi","Ascomycota","Saccharomycetes","Saccharomycetales","Debaryomycetaceae","Kurtzmaniella","[Candida] zeylanoides"
"139","Fungi","Ascomycota","Dothideomycetes","Mycosphaerellales","Teratosphaeriaceae","Capnobotryella","unidentified"
"140","Fungi","Ascomycota","Dothideomycetes","Capnodiales","Capnodiaceae","Capnodium","unidentified"
"141","Fungi","Ascomycota","Eurotiomycetes","Chaetothyriales","Herpotrichiellaceae","Capronia","unidentified"
"142","Fungi","Blastocladiomycota","Blastocladiomycetes","Blastocladiales","Catenariaceae","Catenaria","Catenaria anguillulae"
"143","Fungi","Ascomycota","Pezizomycetes","Pezizales","Ascodesmidaceae","Cephaliophora","unidentified"
"144","Fungi","Ascomycota","Sordariomycetes","Microascales","unidentified","unidentified","unidentified"
"145","Fungi","Basidiomycota","Agaricomycetes","Cantharellales","Ceratobasidiaceae","Ceratobasidium","unidentified"
"146","Fungi","Ascomycota","Sordariomycetes","Microascales","Ceratocystidaceae","Ceratocystis","unidentified"
"147","Fungi","Ascomycota","Sordariomycetes","Sordariales","Lasiosphaeriaceae","Cercophora","Cercophora samala"
"148","Fungi","Ascomycota","Sordariomycetes","Sordariales","Lasiosphaeriaceae","Cercophora","unidentified"
"149","Fungi","Ascomycota","Sordariomycetes","Sordariales","Lasiosphaeriaceae","Cercophora","Cercophora sulphurella"
"150","Fungi","Ascomycota","Dothideomycetes","Mycosphaerellales","Mycosphaerellaceae","Cercospora","unidentified"
"151","Fungi","Ascomycota","Sordariomycetes","Sordariales","Chaetomiaceae","Chaetomidium","Chaetomidium gallecicum"
"152","Fungi","Ascomycota","Sordariomycetes","Sordariales","Chaetomiaceae","Trichocladium","Trichocladium acropullum"
"153","Fungi","Ascomycota","Sordariomycetes","Sordariales","Chaetomiaceae","Chaetomium","Chaetomium caprinum"
"154","Fungi","Ascomycota","Sordariomycetes","Sordariales","Chaetomiaceae","Chaetomium","Chaetomium globosum"
"155","Fungi","Ascomycota","Sordariomycetes","Sordariales","Chaetomiaceae","Humicola","Humicola homopilata"
"156","Fungi","Ascomycota","Sordariomycetes","Sordariales","Chaetomiaceae","Parachaetomium","Parachaetomium iranianum"
"157","Fungi","Ascomycota","Sordariomycetes","Sordariales","Chaetomiaceae","Chaetomium","Chaetomium longiciliata"
"158","Fungi","Ascomycota","Sordariomycetes","Sordariales","Chaetomiaceae","Chaetomium","Chaetomium madrasense"
"159","Fungi","Ascomycota","Sordariomycetes","Sordariales","Chaetomiaceae","Chaetomium","Chaetomium megalocarpum"
"160","Fungi","Ascomycota","Sordariomycetes","Sordariales","Chaetomiaceae","Chaetomium","Chaetomium perlucidum"
"161","Fungi","Ascomycota","Sordariomycetes","Sordariales","Chaetomiaceae","Chaetomium","unidentified"
"163","Fungi","Ascomycota","Sordariomycetes","Sordariales","Chaetomiaceae","Parachaetomium","Parachaetomium truncatulum"
"164","Fungi","Ascomycota","Dothideomycetes","Pleosporales","Phaeosphaeriaceae","Chaetosphaeronema","unidentified"
"166","Fungi","Ascomycota","Dothideomycetes","Pleosporales","Pleosporaceae","Alternaria","Alternaria malorum"
"167","Fungi","Ascomycota","Sordariomycetes","Chaetosphaeriales","Chaetosphaeriaceae","Chloridium","unidentified"
"168","Fungi","Ascomycota","Sordariomycetes","Glomerellales","Plectosphaerellaceae","Chordomyces","Chordomyces antarcticum"
"172","Fungi","Ascomycota","Leotiomycetes","unidentified","unidentified","unidentified","unidentified"
"174","Fungi","Ascomycota","Sordariomycetes","Sordariales","unidentified","unidentified","unidentified"
"175","Fungi","Ascomycota","Leotiomycetes","Helotiales","Sclerotiniaceae","Ciboria","unidentified"
"176","Fungi","Mucoromycota","Mucoromycetes","Mucorales","Lichtheimiaceae","Circinella","Circinella chinensis"
"177","Fungi","Ascomycota","Sordariomycetes","Microascales","Halosphaeriaceae","Cirrenalia","Cirrenalia macrocephala"
"178","Fungi","Ascomycota","Leotiomycetes","Helotiales","Hyaloscyphaceae","Cistella","unidentified"
"179","Fungi","Ascomycota","Eurotiomycetes","Chaetothyriales","Herpotrichiellaceae","Cladophialophora","unidentified"
"181","Fungi","Ascomycota","Sordariomycetes","Sordariales","Chaetomiaceae","Cladorrhinum","Cladorrhinum flexuosum"
"182","Fungi","Ascomycota","Sordariomycetes","Sordariales","Chaetomiaceae","Cladorrhinum","Cladorrhinum foecundissimum"
"183","Fungi","Ascomycota","Sordariomycetes","Sordariales","Chaetomiaceae","Cladorrhinum","unidentified"
"184","Fungi","Ascomycota","Dothideomycetes","Cladosporiales","Cladosporiaceae","Cladosporium","unidentified"
"192","Fungi","Ascomycota","Leotiomycetes","Helotiales","Rutstroemiaceae","Clarireedia","Clarireedia bennettii"
"193","Fungi","Mucoromycota","Glomeromycetes","Glomerales","Claroideoglomeraceae","Claroideoglomus","Claroideoglomus claroideum"
"194","Fungi","Mucoromycota","Glomeromycetes","Glomerales","Claroideoglomeraceae","Claroideoglomus","unidentified"
"195","Fungi","Mucoromycota","Glomeromycetes","Glomerales","Claroideoglomeraceae","Claroideoglomus","Claroideoglomus walkeri"
"196","Fungi","Basidiomycota","Agaricomycetes","Agaricales","Clavariaceae","Clavaria","Clavaria californica"
"197","Fungi","Ascomycota","Sordariomycetes","Microascales","Halosphaeriaceae","Clavatospora","unidentified"
"198","Fungi","Ascomycota","Saccharomycetes","Saccharomycetales","Metschnikowiaceae","Clavispora","unidentified"
"199","Fungi","Basidiomycota","Agaricomycetes","Agaricales","Entolomataceae","Clitopilus","unidentified"
"200","Fungi","Ascomycota","Dothideomycetes","Pleosporales","Lindgomycetaceae","Clohesyomyces","unidentified"
"201","Fungi","Ascomycota","Sordariomycetes","Hypocreales","Bionectriaceae","Clonostachys","Clonostachys rosea"
"202","Fungi","Ascomycota","Sordariomycetes","Chaetosphaeriales","Chaetosphaeriaceae","Codinaeopsis","unidentified"
"203","Fungi","Ascomycota","Sordariomycetes","Sordariales","Chaetomiaceae","Collariella","Collariella bostrychodes"
"204","Fungi","Ascomycota","Sordariomycetes","Glomerellales","Glomerellaceae","Colletotrichum","Colletotrichum falcatum"
"205","Fungi","Ascomycota","Sordariomycetes","Xylariales","Coniocessiaceae","Coniocessia","unidentified"
"206","Fungi","Ascomycota","Sordariomycetes","Coniochaetales","Coniochaetaceae","Coniochaeta","Coniochaeta cateniformis"
"207","Fungi","Ascomycota","Sordariomycetes","Coniochaetales","Coniochaetaceae","Coniochaeta","Coniochaeta hoffmannii"
"208","Fungi","Basidiomycota","Agaricomycetes","Boletales","Coniophoraceae","Coniophora","Coniophora olivacea"
"209","Fungi","Ascomycota","Dothideomycetes","unidentified","unidentified","unidentified","unidentified"
"211","Fungi","Ascomycota","Dothideomycetes","Pleosporales","Coniothyriaceae","Coniothyrium","unidentified"
"212","Fungi","Ascomycota","Sordariomycetes","unidentified","unidentified","unidentified","unidentified"
"213","Fungi","Basidiomycota","Agaricomycetes","Agaricales","Bolbitiaceae","Conocybe","Conocybe ammophila"
"214","Fungi","Basidiomycota","Agaricomycetes","Agaricales","Bolbitiaceae","Conocybe","Conocybe apala"
"215","Fungi","Basidiomycota","Agaricomycetes","Agaricales","Bolbitiaceae","Conocybe","Conocybe dunensis"
"216","Fungi","Basidiomycota","Agaricomycetes","Agaricales","Bolbitiaceae","Conocybe","Conocybe echinata"
"217","Fungi","Basidiomycota","Agaricomycetes","Agaricales","Bolbitiaceae","Conocybe","Conocybe herbarum"
"218","Fungi","Basidiomycota","Agaricomycetes","Agaricales","Bolbitiaceae","Conocybe","Conocybe siennophylla"
"219","Fungi","Ascomycota","Dothideomycetes","Mycosphaerellales","Teratosphaeriaceae","Constantinomyces","Constantinomyces oldenburgensis"
"220","Fungi","Basidiomycota","Agaricomycetes","Agaricales","Psathyrellaceae","Coprinellus","unidentified"
"221","Fungi","Basidiomycota","Agaricomycetes","Agaricales","Psathyrellaceae","Coprinellus","Coprinellus curtus"
"222","Fungi","Basidiomycota","Agaricomycetes","Agaricales","Psathyrellaceae","Coprinellus","Coprinellus micaceus"
"223","Fungi","Basidiomycota","Agaricomycetes","Agaricales","Psathyrellaceae","Coprinellus","Coprinellus plagioporus"
"224","Fungi","Basidiomycota","Agaricomycetes","Agaricales","Psathyrellaceae","Coprinellus","Coprinellus sassii"
"226","Fungi","Basidiomycota","Agaricomycetes","Agaricales","Psathyrellaceae","Coprinellus","Coprinellus xanthothrix"
"227","Fungi","Basidiomycota","Agaricomycetes","Agaricales","Psathyrellaceae","Coprinopsis","unidentified"
"228","Fungi","Basidiomycota","Agaricomycetes","Agaricales","Psathyrellaceae","Coprinopsis","Coprinopsis clastophylla"
"229","Fungi","Basidiomycota","Agaricomycetes","Agaricales","Psathyrellaceae","Coprinopsis","Coprinopsis laanii"
"230","Fungi","Basidiomycota","Agaricomycetes","Agaricales","Psathyrellaceae","Coprinopsis","Coprinopsis nivea"
"231","Fungi","Basidiomycota","Agaricomycetes","Agaricales","Psathyrellaceae","Coprinopsis","Coprinopsis semitalis"
"233","Fungi","Basidiomycota","Agaricomycetes","Agaricales","Psathyrellaceae","Coprinopsis","Coprinopsis urticicola"
"234","Fungi","Ascomycota","Sordariomycetes","Hypocreales","Cordycipitaceae","Cordyceps","Cordyceps cateniannulata"
"235","Fungi","Basidiomycota","Agaricomycetes","Polyporales","Polyporaceae","Coriolopsis","Coriolopsis gallica"
"236","Fungi","Basidiomycota","Agaricomycetes","Agaricales","Cortinariaceae","Cortinarius","unidentified"
"237","Fungi","Ascomycota","Dothideomycetes","Pleosporales","Corynesporascaceae","Corynespora","unidentified"
"238","Fungi","Ascomycota","Leotiomycetes","Helotiales","Helotiaceae","Crocicreas","unidentified"
"239","Fungi","Basidiomycota","Tremellomycetes","Tremellales","Cryptococcaceae","Cryptococcus","Cryptococcus amylolentus"
"241","Fungi","Basidiomycota","Agaricomycetes","Agaricales","Physalacriaceae","Cryptomarasmius","Cryptomarasmius exustoides"
"242","Fungi","Ascomycota","Eurotiomycetes","Onygenales","Arthrodermataceae","Ctenomyces","Ctenomyces serratus"
"243","Fungi","Mucoromycota","Mucoromycetes","Mucorales","Cunninghamellaceae","Cunninghamella","Cunninghamella echinulata"
"244","Fungi","Mucoromycota","Mucoromycetes","Mucorales","Cunninghamellaceae","Cunninghamella","Cunninghamella elegans"
"245","Fungi","Ascomycota","Dothideomycetes","Pleosporales","Pleosporaceae","Curvularia","Curvularia buchloes"
"246","Fungi","Ascomycota","Dothideomycetes","Pleosporales","Pleosporaceae","Curvularia","Curvularia geniculata"
"247","Fungi","Ascomycota","Dothideomycetes","Pleosporales","Pleosporaceae","Curvularia","Curvularia inaequalis"
"248","Fungi","Ascomycota","Dothideomycetes","Pleosporales","Pleosporaceae","Curvularia","Curvularia pallescens"
"249","Fungi","Ascomycota","Dothideomycetes","Pleosporales","Pleosporaceae","Curvularia","unidentified"
"250","Fungi","Basidiomycota","Tremellomycetes","Trichosporonales","Trichosporonaceae","Cutaneotrichosporon","unidentified"
"253","Fungi","Ascomycota","Saccharomycetes","Saccharomycetales","Phaffomycetaceae","Cyberlindnera","Cyberlindnera rhodanensis"
"254","Fungi","Ascomycota","Saccharomycetes","Saccharomycetales","Phaffomycetaceae","Cyberlindnera","Cyberlindnera veronae"
"255","Fungi","Ascomycota","Sordariomycetes","Hypocreales","Nectriaceae","Cylindrocarpon","unidentified"
"256","Fungi","Ascomycota","Eurotiomycetes","Chaetothyriales","Cyphellophoraceae","Cyphellophora","unidentified"
"257","Fungi","Ascomycota","Eurotiomycetes","Chaetothyriales","Cyphellophoraceae","Cyphellophora","Cyphellophora aestiva"
"258","Fungi","Basidiomycota","Cystobasidiomycetes","Cystobasidiales","Cystobasidiaceae","Cystobasidium","Cystobasidium slooffiae"
"259","Fungi","Basidiomycota","Tremellomycetes","Cystofilobasidiales","Cystofilobasidiaceae","Cystofilobasidium","Cystofilobasidium infirmominiatum"
"260","Fungi","Basidiomycota","Tremellomycetes","Cystofilobasidiales","Cystofilobasidiaceae","Cystofilobasidium","Cystofilobasidium macerans"
"262","Fungi","Ascomycota","Orbiliomycetes","Orbiliales","Orbiliaceae","Orbilia","unidentified"
"263","Fungi","Ascomycota","Orbiliomycetes","Orbiliales","Orbiliaceae","Dactylella","unidentified"
"264","Fungi","Ascomycota","Sordariomycetes","Hypocreales","Nectriaceae","Dactylonectria","Dactylonectria alcacerensis"
"265","Fungi","Ascomycota","Sordariomycetes","Hypocreales","Nectriaceae","Dactylonectria","Dactylonectria estremocensis"
"266","Fungi","Ascomycota","Sordariomycetes","Hypocreales","Nectriaceae","Dactylonectria","Dactylonectria macrodidyma"
"267","Fungi","Ascomycota","Sordariomycetes","Hypocreales","Nectriaceae","Dactylonectria","Dactylonectria pauciseptata"
"268","Fungi","Ascomycota","Saccharomycetes","Saccharomycetales","Debaryomycetaceae","Debaryomyces","Debaryomyces hansenii"
"269","Fungi","Ascomycota","Lecanoromycetes","Peltigerales","Pannariaceae","Degelia","Degelia plumbea"
"270","Fungi","Ascomycota","Dothideomycetes","Pleosporales","Torulaceae","Dendryphion","unidentified"
"271","Fungi","Ascomycota","Dothideomycetes","Mycosphaerellales","Teratosphaeriaceae","Devriesia","unidentified"
"272","Fungi","Ascomycota","Sordariomycetes","Diaporthales","Diaporthaceae","Diaporthe","Diaporthe columnaris"
"273","Fungi","Ascomycota","Sordariomycetes","Diaporthales","Diaporthaceae","Diaporthe","Diaporthe cotoneastri"
"276","Fungi","Ascomycota","Sordariomycetes","Sordariales","Chaetomiaceae","Dichotomopilus","Dichotomopilus erectus"
"277","Fungi","Ascomycota","Dothideomycetes","Pleosporales","Didymellaceae","Didymella","Didymella exigua"
"278","Fungi","Ascomycota","Dothideomycetes","Pleosporales","Didymellaceae","Didymella","unidentified"
"279","Fungi","Ascomycota","Dothideomycetes","Pleosporales","Didymosphaeriaceae","Didymosphaeria","unidentified"
"280","Fungi","Ascomycota","Sordariomycetes","Chaetosphaeriales","Chaetosphaeriaceae","Dinemasporium","unidentified"
"281","Fungi","Basidiomycota","Tremellomycetes","Tremellales","Bulleribasidiaceae","Dioszegia","Dioszegia fristingensis"
"282","Fungi","Basidiomycota","Tremellomycetes","Tremellales","Bulleribasidiaceae","Dioszegia","Dioszegia hungarica"
"283","Fungi","Basidiomycota","Tremellomycetes","Tremellales","Bulleribasidiaceae","Dioszegia","unidentified"
"284","Fungi","Basidiomycota","Tremellomycetes","Tremellales","Bulleribasidiaceae","Dioszegia","Dioszegia zsoltii"
"285","Fungi","Ascomycota","Leotiomycetes","Helotiales","Dermateaceae","Discohainesia","Discohainesia oenotherae"
"286","Fungi","Mucoromycota","Glomeromycetes","Diversisporales","Diversisporaceae","Diversispora","unidentified"
"287","Fungi","Ascomycota","Dothideomycetes","Pleosporales","Pleosporaceae","Drechslera","unidentified"
"288","Fungi","Basidiomycota","Tremellomycetes","Trichosporonales","Trichosporonaceae","Effuseotrichosporon","unidentified"
"289","Fungi","Ascomycota","Dothideomycetes","Myriangiales","Elsinoaceae","Elsinoe","Elsinoe ampelina"
"290","Fungi","Ascomycota","Dothideomycetes","Myriangiales","Elsinoaceae","Elsinoe","Elsinoe terminaliae"
"291","Fungi","Ascomycota","Eurotiomycetes","Onygenales","Ajellomycetaceae","Emmonsia","Emmonsia crescens"
"292","Fungi","Ascomycota","Dothideomycetes","Myriangiales","unidentified","unidentified","unidentified"
"293","Fungi","Ascomycota","Leotiomycetes","Helotiales","Pleuroascaceae","Entimomentora","Entimomentora hyalina"
"295","Fungi","Basidiomycota","Agaricomycetes","Agaricales","Entolomataceae","Entoloma","Entoloma platyphylloides"
"296","Fungi","Mucoromycota","Glomeromycetes","Diversisporales","unidentified","unidentified","unidentified"
"297","Fungi","Ascomycota","Dothideomycetes","Pleosporales","Didymellaceae","Epicoccum","Epicoccum nigrum"
"298","Fungi","Ascomycota","Dothideomycetes","Pleosporales","Didymellaceae","Epicoccum","Epicoccum plurivorum"
"299","Fungi","Ascomycota","Leotiomycetes","Erysiphales","Erysiphaceae","Erysiphe","Erysiphe betae"
"300","Fungi","Ascomycota","Leotiomycetes","Erysiphales","Erysiphaceae","Erysiphe","Erysiphe quercicola"
"303","Fungi","Ascomycota","Eurotiomycetes","Chaetothyriales","Herpotrichiellaceae","Exophiala","Exophiala brunnea"
"304","Fungi","Ascomycota","Eurotiomycetes","Chaetothyriales","Herpotrichiellaceae","Exophiala","Exophiala capensis"
"305","Fungi","Ascomycota","Eurotiomycetes","Chaetothyriales","Herpotrichiellaceae","Exophiala","Exophiala equina"
"306","Fungi","Ascomycota","Eurotiomycetes","Chaetothyriales","Herpotrichiellaceae","Exophiala","Exophiala exophialae"
"307","Fungi","Ascomycota","Eurotiomycetes","Chaetothyriales","Herpotrichiellaceae","Exophiala","Exophiala opportunistica"
"308","Fungi","Ascomycota","Eurotiomycetes","Chaetothyriales","Herpotrichiellaceae","Exophiala","Exophiala pisciphila"
"309","Fungi","Ascomycota","Eurotiomycetes","Chaetothyriales","Herpotrichiellaceae","Exophiala","Exophiala salmonis"
"310","Fungi","Ascomycota","Eurotiomycetes","Chaetothyriales","Herpotrichiellaceae","Exophiala","unidentified"
"311","Fungi","Ascomycota","Eurotiomycetes","Chaetothyriales","Herpotrichiellaceae","Exophiala","Exophiala xenobiotica"
"312","Fungi","Ascomycota","Sordariomycetes","Microascales","Chadefaudiellaceae","Faurelina","Faurelina indica"
"313","Fungi","Basidiomycota","Tremellomycetes","Tremellales","Sirobasidiaceae","Fibulobasidium","unidentified"
"314","Fungi","Basidiomycota","Tremellomycetes","Filobasidiales","Filobasidiaceae","Filobasidium","Filobasidium chernovii"
"315","Fungi","Basidiomycota","Tremellomycetes","Filobasidiales","Filobasidiaceae","Filobasidium","Filobasidium floriforme"
"316","Fungi","Basidiomycota","Tremellomycetes","Filobasidiales","Filobasidiaceae","Filobasidium","Filobasidium magnum"
"317","Fungi","Basidiomycota","Tremellomycetes","Filobasidiales","Filobasidiaceae","Filobasidium","Filobasidium oeirense"
"318","Fungi","Basidiomycota","Tremellomycetes","Filobasidiales","Filobasidiaceae","Filobasidium","Filobasidium wieringae"
"319","Fungi","Basidiomycota","Agaricomycetes","Hymenochaetales","Hymenochaetaceae","Fomitiporia","Fomitiporia mediterranea"
"320","Fungi","Ascomycota","Dothideomycetes","Mycosphaerellales","Teratosphaeriaceae","Friedmanniomyces","unidentified"
"321","Fungi","Mucoromycota","Glomeromycetes","Glomerales","Glomeraceae","Funneliformis","Funneliformis mosseae"
"322","Fungi","Ascomycota","Sordariomycetes","Glomerellales","Plectosphaerellaceae","Furcasterigmium","Furcasterigmium furcatum"
"324","Fungi","Ascomycota","Sordariomycetes","Hypocreales","Nectriaceae","Fusarium","Fusarium acuminatum"
"325","Fungi","Ascomycota","Sordariomycetes","Hypocreales","Nectriaceae","Fusarium","Fusarium beomiforme"
"326","Fungi","Ascomycota","Sordariomycetes","Hypocreales","Nectriaceae","Fusarium","Fusarium delphinoides"
"327","Fungi","Ascomycota","Sordariomycetes","Hypocreales","Nectriaceae","Fusarium","Fusarium equiseti"
"328","Fungi","Ascomycota","Sordariomycetes","Hypocreales","Nectriaceae","Fusarium","Fusarium incarnatum"
"329","Fungi","Ascomycota","Sordariomycetes","Hypocreales","Nectriaceae","Fusarium","Fusarium longipes"
"330","Fungi","Ascomycota","Sordariomycetes","Hypocreales","Nectriaceae","Fusarium","unidentified"
"331","Fungi","Ascomycota","Sordariomycetes","Hypocreales","Nectriaceae","Fusarium","Fusarium proliferatum"
"332","Fungi","Ascomycota","Sordariomycetes","Hypocreales","Nectriaceae","Fusarium","Fusarium pseudensiforme"
"333","Fungi","Ascomycota","Sordariomycetes","Hypocreales","Nectriaceae","Fusarium","Fusarium solani"
"335","Fungi","Ascomycota","Sordariomycetes","Hypocreales","Nectriaceae","Fusarium","Fusarium tricinctum"
"336","Fungi","Ascomycota","Sordariomycetes","Hypocreales","Nectriaceae","Fusarium","Fusarium virguliforme"
"337","Fungi","Ascomycota","Sordariomycetes","Hypocreales","Nectriaceae","Fusicolla","Fusicolla septimanifiniscientiae"
"338","Fungi","Ascomycota","Sordariomycetes","Hypocreales","Nectriaceae","Fusidium","Fusidium griseum"
"339","Fungi","Ascomycota","Sordariomycetes","Magnaporthales","Magnaporthaceae","Gaeumannomyces","Gaeumannomyces wongoonoo"
"340","Fungi","Ascomycota","Eurotiomycetes","Sclerococcales","unidentified","unidentified","unidentified"
"341","Fungi","Basidiomycota","Agaricomycetes","Polyporales","Polyporaceae","Ganoderma","Ganoderma applanatum"
"342","Fungi","Basidiomycota","Agaricomycetes","Polyporales","Polyporaceae","Ganoderma","Ganoderma resinaceum"
"343","Fungi","Basidiomycota","Agaricomycetes","Geastrales","Geastraceae","Geastrum","Geastrum floriforme"
"344","Fungi","Basidiomycota","Geminibasidiomycetes","Geminibasidiales","Geminibasidiaceae","Geminibasidium","unidentified"
"346","Fungi","Ascomycota","Pezizomycetes","Pezizales","Pyronemataceae","Geopyxis","unidentified"
"347","Fungi","Ascomycota","Saccharomycetes","Saccharomycetales","Dipodascaceae","Geotrichum","Geotrichum candidum"
"348","Fungi","Ascomycota","Saccharomycetes","Saccharomycetales","Dipodascaceae","Geotrichum","Geotrichum klebahnii"
"349","Fungi","Ascomycota","Saccharomycetes","Saccharomycetales","Dipodascaceae","Geotrichum","unidentified"
"350","Fungi","Ascomycota","Sordariomycetes","Glomerellales","Plectosphaerellaceae","Gibellulopsis","Gibellulopsis nigrescens"
"351","Fungi","Ascomycota","Sordariomycetes","Glomerellales","Plectosphaerellaceae","Gibellulopsis","Gibellulopsis serrae"
"352","Fungi","Ascomycota","Leotiomycetes","Helotiales","Helotiaceae","Glarea","Glarea lozoyensis"
"353","Fungi","Ascomycota","Leotiomycetes","Helotiales","Helotiaceae","Glarea","unidentified"
"354","Fungi","Mucoromycota","Glomeromycetes","Glomerales","Glomeraceae","Glomus","unidentified"
"355","Fungi","Ascomycota","Leotiomycetes","Phacidiales","Phacidiaceae","Gremmenia","Gremmenia infestans"
"356","Fungi","Ascomycota","Eurotiomycetes","Onygenales","Gymnoascaceae","Gymnascella","Gymnascella aurantiaca"
"357","Fungi","Ascomycota","Eurotiomycetes","Onygenales","Gymnoascaceae","Gymnoascus","Gymnoascus reesii"
"359","Fungi","Ascomycota","Leotiomycetes","Helotiales","Discinellaceae","Gyoerffyella","unidentified"
"362","Fungi","Basidiomycota","Tremellomycetes","Tremellales","Bulleribasidiaceae","Hannaella","Hannaella luteola"
"363","Fungi","Basidiomycota","Tremellomycetes","Tremellales","Bulleribasidiaceae","Hannaella","Hannaella oryzae"
"364","Fungi","Basidiomycota","Tremellomycetes","Tremellales","Bulleribasidiaceae","Hannaella","Hannaella sinensis"
"365","Fungi","Basidiomycota","Tremellomycetes","Tremellales","Bulleribasidiaceae","Hannaella","unidentified"
"366","Fungi","Ascomycota","Saccharomycetes","Saccharomycetales","Saccharomycodaceae","Hanseniaspora","unidentified"
"367","Fungi","Ascomycota","Sordariomycetes","Melanosporales","Ceratostomataceae","Harzia","Harzia acremonioides"
"368","Fungi","Ascomycota","Leotiomycetes","Helotiales","Ploettnerulaceae","Oculimacula","unidentified"
"369","Fungi","Ascomycota","Dothideomycetes","Tubeufiales","Tubeufiaceae","Helicoma","unidentified"
"370","Fungi","Ascomycota","Dothideomycetes","Pleosporales","Massarinaceae","Helminthosporium","unidentified"
"371","Fungi","Ascomycota","Pezizomycetes","Pezizales","Helvellaceae","Helvella","Helvella lacunosa"
"372","Fungi","Ascomycota","Eurotiomycetes","Chaetothyriales","Herpotrichiellaceae","Heteroconium","unidentified"
"373","Fungi","Ascomycota","Sordariomycetes","Hypocreales","Ophiocordycipitaceae","Hirsutella","Hirsutella aphidis"
"374","Fungi","Ascomycota","Sordariomycetes","Hypocreales","Ophiocordycipitaceae","Hirsutella","Hirsutella minnesotensis"
"375","Fungi","Ascomycota","Dothideomycetes","Capnodiales","unidentified","unidentified","unidentified"
"376","Fungi","Basidiomycota","Agaricomycetes","Agaricales","Pleurotaceae","Hohenbuehelia","unidentified"
"377","Fungi","Basidiomycota","Tremellomycetes","Holtermanniales","unidentified","unidentified","unidentified"
"379","Fungi","Ascomycota","Dothideomycetes","Dothideales","Dothioraceae","Hormonema","unidentified"
"380","Fungi","Ascomycota","Sordariomycetes","Sordariales","Chaetomiaceae","Humicola","Humicola nigrescens"
"381","Fungi","Ascomycota","Sordariomycetes","Sordariales","Chaetomiaceae","Humicola","Humicola olivacea"
"382","Fungi","Ascomycota","Sordariomycetes","Sordariales","Chaetomiaceae","Humicola","unidentified"
"383","Fungi","Ascomycota","Orbiliomycetes","Orbiliales","Orbiliaceae","Hyalorbilia","Hyalorbilia oviparasitica"
"384","Fungi","Ascomycota","Leotiomycetes","Helotiales","Hyaloscyphaceae","Hyaloscypha","unidentified"
"385","Fungi","Ascomycota","Pezizomycetes","Pezizales","Pyronemataceae","Hydnocystis","Hydnocystis piligera"
"386","Fungi","Ascomycota","Sordariomycetes","Hypocreales","Bionectriaceae","Hydropisphaera","unidentified"
"387","Fungi","Basidiomycota","Agaricomycetes","Agaricales","Hymenogastraceae","Hymenogaster","Hymenogaster huthii"
"388","Fungi","Ascomycota","Leotiomycetes","Helotiales","Helotiaceae","Hymenoscyphus","unidentified"
"389","Fungi","Basidiomycota","Agaricomycetes","Hymenochaetales","Schizoporaceae","Hyphodontia","Hyphodontia palmae"
"390","Fungi","Basidiomycota","Agaricomycetes","Agaricales","Strophariaceae","Hypholoma","Hypholoma fasciculare"
"391","Fungi","Ascomycota","Sordariomycetes","Hypocreales","Hypocreaceae","Hypomyces","unidentified"
"393","Fungi","Ascomycota","Sordariomycetes","Hypocreales","Nectriaceae","Ilyonectria","Ilyonectria robusta"
"394","Fungi","Basidiomycota","Agaricomycetes","Agaricales","Inocybaceae","Inocybe","unidentified"
"395","Fungi","Basidiomycota","Agaricomycetes","Agaricales","Inocybaceae","Inosperma","unidentified"
"396","Fungi","Basidiomycota","Tremellomycetes","Cystofilobasidiales","Mrakiaceae","Itersonilia","Itersonilia pannonica"
"397","Fungi","Basidiomycota","Tremellomycetes","Cystofilobasidiales","Mrakiaceae","Itersonilia","Itersonilia perplexans"
"398","Fungi","Ascomycota","Dothideomycetes","Pleosporales","Lentitheciaceae","Keissleriella","unidentified"
"399","Fungi","Ascomycota","unidentified","unidentified","unidentified","unidentified","unidentified"
"400","Fungi","Ascomycota","Sordariomycetes","Microascales","Microascaceae","Kernia","Kernia pachypleura"
"401","Fungi","Ascomycota","Saccharomycetes","Saccharomycetales","Saccharomycetaceae","Kluyveromyces","Kluyveromyces marxianus"
"402","Fungi","Ascomycota","Eurotiomycetes","Chaetothyriales","Trichomeriaceae","Knufia","Knufia petricola"
"403","Fungi","Ascomycota","Saccharomycetes","Saccharomycetales","Pichiaceae","Kregervanrija","Kregervanrija fluxuum"
"404","Fungi","Ascomycota","Saccharomycetes","Saccharomycetales","Pichiaceae","Kregervanrija","Kregervanrija pseudodelftensis"
"406","Fungi","Basidiomycota","Agaricomycetes","Agaricales","Tricholomataceae","Laccaria","unidentified"
"407","Fungi","Ascomycota","Leotiomycetes","Helotiales","Lachnaceae","Lachnum","Lachnum virgineum"
"408","Fungi","Basidiomycota","Agaricomycetes","Corticiales","Corticiaceae","Laetisaria","Laetisaria arvalis"
"409","Fungi","Ascomycota","Pezizomycetes","Pezizales","Ascodesmidaceae","Lasiobolus","Lasiobolus papillatus"
"410","Fungi","Ascomycota","Sordariomycetes","Hypocreales","Bionectriaceae","Lasionectriopsis","unidentified"
"411","Fungi","Ascomycota","Sordariomycetes","Hypocreales","Cordycipitaceae","Lecanicillium","Lecanicillium dimorphum"
"412","Fungi","Ascomycota","Sordariomycetes","Hypocreales","Cordycipitaceae","Lecanicillium","Lecanicillium psalliotae"
"413","Fungi","Ascomycota","Sordariomycetes","Hypocreales","Cordycipitaceae","Lecanicillium","Lecanicillium saksenae"
"414","Fungi","Ascomycota","Lecanoromycetes","Lecanorales","Lecanoraceae","Lecanora","Lecanora rugosella"
"415","Fungi","Ascomycota","Lecanoromycetes","Lecanorales","Lecanoraceae","Lecanora","unidentified"
"416","Fungi","Ascomycota","Lecanoromycetes","Lecanorales","Lecanoraceae","Lecidella","Lecidella elaeochroma"
"417","Fungi","Ascomycota","Sordariomycetes","Glomerellales","Plectosphaerellaceae","Lectera","Lectera colletotrichoides"
"418","Fungi","Ascomycota","Sordariomycetes","Coniochaetales","Coniochaetaceae","Coniochaeta","unidentified"
"419","Fungi","Basidiomycota","Agaricomycetes","Polyporales","Polyporaceae","Lentinus","Lentinus squarrosulus"
"421","Fungi","Basidiomycota","Agaricomycetes","Agaricales","unidentified","unidentified","unidentified"
"422","Fungi","Ascomycota","Dothideomycetes","Pleosporales","Leptosphaeriaceae","Leptosphaeria","unidentified"
"426","Fungi","Ascomycota","Dothideomycetes","Pleosporales","Didymellaceae","Leptosphaerulina","unidentified"
"429","Fungi","Ascomycota","Dothideomycetes","Pleosporales","Didymosphaeriaceae","Letendraea","unidentified"
"430","Fungi","Basidiomycota","Agaricomycetes","Agaricales","Agaricaceae","Leucoagaricus","Leucoagaricus barssii"
"431","Fungi","Basidiomycota","Agaricomycetes","Agaricales","Agaricaceae","Leucoagaricus","Leucoagaricus leucothites"
"432","Fungi","Basidiomycota","Agaricomycetes","Agaricales","Agaricaceae","Leucocoprinus","Leucocoprinus cretaceus"
"433","Fungi","Basidiomycota","Agaricomycetes","Agaricales","Agaricaceae","Leucocoprinus","Leucocoprinus straminellus"
"434","Fungi","Basidiomycota","Agaricomycetes","Agaricales","Tricholomataceae","Leucopaxillus","Leucopaxillus gentianeus"
"435","Fungi","Basidiomycota","Microbotryomycetes","Leucosporidiales","Leucosporidiaceae","Leucosporidium","unidentified"
"437","Fungi","Basidiomycota","Agaricomycetes","Corticiales","Corticiaceae","Lindtneria","unidentified"
"438","Fungi","Ascomycota","Saccharomycetes","Saccharomycetales","Lipomycetaceae","Lipomyces","Lipomyces chichibuensis"
"439","Fungi","Ascomycota","Saccharomycetes","Saccharomycetales","Lipomycetaceae","Lipomyces","Lipomyces lipofer"
"440","Fungi","Ascomycota","Saccharomycetes","Saccharomycetales","Lipomycetaceae","Lipomyces","unidentified"
"442","Fungi","Ascomycota","Saccharomycetes","Saccharomycetales","Debaryomycetaceae","Lodderomyces","unidentified"
"443","Fungi","Ascomycota","Sordariomycetes","Microascales","Microascaceae","Lomentospora","unidentified"
"444","Fungi","Ascomycota","Dothideomycetes","Pleosporales","Lophiostomataceae","Lophiostoma","unidentified"
"445","Fungi","Ascomycota","Dothideomycetes","Pleosporales","Lophiotremataceae","Lophiotrema","Lophiotrema rubi"
"446","Fungi","Ascomycota","Sordariomycetes","Microascales","Microascaceae","Lophotrichus","Lophotrichus fimeti"
"448","Fungi","Basidiomycota","Agaricomycetes","Trechisporales","Hydnodontaceae","Luellia","unidentified"
"449","Fungi","Basidiomycota","Agaricomycetes","Corticiales","Corticiaceae","Lyomyces","unidentified"
"450","Fungi","Basidiomycota","Agaricomycetes","Agaricales","Tricholomataceae","Macrocystidia","Macrocystidia cucumis"
"451","Fungi","Ascomycota","Dothideomycetes","Botryosphaeriales","Botryosphaeriaceae","Macrophomina","Macrophomina phaseolina"
"453","Fungi","Ascomycota","Sordariomycetes","Magnaporthales","Magnaporthaceae","Magnaporthiopsis","Magnaporthiopsis maydis"
"454","Fungi","Ascomycota","Sordariomycetes","Magnaporthales","Magnaporthaceae","Magnaporthiopsis","Magnaporthiopsis panicorum"
"455","Fungi","Basidiomycota","Malasseziomycetes","Malasseziales","Malasseziaceae","Malassezia","Malassezia globosa"
"456","Fungi","Basidiomycota","Malasseziomycetes","Malasseziales","Malasseziaceae","Malassezia","Malassezia restricta"
"457","Fungi","Basidiomycota","Malasseziomycetes","Malasseziales","Malasseziaceae","Malassezia","unidentified"
"459","Fungi","Ascomycota","Lecanoromycetes","Lecanorales","Parmeliaceae","Melanelixia","Melanelixia fuliginosa"
"460","Fungi","Basidiomycota","Agaricomycetes","Agaricales","Tricholomataceae","Melanoleuca","Melanoleuca decembris"
"461","Fungi","Ascomycota","Sordariomycetes","Melanosporales","Ceratostomataceae","Melanospora","unidentified"
"462","Fungi","Ascomycota","Sordariomycetes","Hypocreales","Stachybotryaceae","Memnoniella","Memnoniella echinata"
"463","Fungi","Ascomycota","Dothideomycetes","Mycosphaerellales","Teratosphaeriaceae","Meristemomyces","Meristemomyces frigidus"
"464","Fungi","Ascomycota","Sordariomycetes","Hypocreales","Clavicipitaceae","Metarhizium","Metarhizium anisopliae"
"465","Fungi","Ascomycota","Sordariomycetes","Hypocreales","Clavicipitaceae","Metarhizium","Metarhizium lepidiotae"
"466","Fungi","Ascomycota","Sordariomycetes","Hypocreales","Clavicipitaceae","Marquandomyces","Marquandomyces marquandii"
"467","Fungi","Ascomycota","Saccharomycetes","Saccharomycetales","Metschnikowiaceae","Metschnikowia","Metschnikowia chrysoperlae"
"468","Fungi","Ascomycota","Saccharomycetes","Saccharomycetales","Metschnikowiaceae","Metschnikowia","Metschnikowia fructicola"
"469","Fungi","Ascomycota","Saccharomycetes","Saccharomycetales","Metschnikowiaceae","Metschnikowia","Metschnikowia pulcherrima"
"470","Fungi","Ascomycota","Saccharomycetes","Saccharomycetales","Debaryomycetaceae","Meyerozyma","Meyerozyma guilliermondii"
"471","Fungi","Ascomycota","Sordariomycetes","Microascales","Microascaceae","Microascus","Microascus croci"
"472","Fungi","Ascomycota","Sordariomycetes","Microascales","Microascaceae","Microascus","unidentified"
"473","Fungi","Ascomycota","Dothideomycetes","Botryosphaeriales","Botryosphaeriaceae","Microdiplodia","unidentified"
"474","Fungi","Ascomycota","Sordariomycetes","Xylariales","Microdochiaceae","Microdochium","Microdochium bolleyi"
"475","Fungi","Ascomycota","Sordariomycetes","Xylariales","Microdochiaceae","Microdochium","Microdochium sorghi"
"476","Fungi","Ascomycota","Sordariomycetes","Xylariales","Microdochiaceae","Microdochium","unidentified"
"477","Fungi","Ascomycota","Leotiomycetes","Helotiales","Hyaloscyphaceae","Microscypha","unidentified"
"478","Fungi","Ascomycota","Saccharomycetes","Saccharomycetales","Debaryomycetaceae","Millerozyma","Millerozyma farinosa"
"479","Fungi","Basidiomycota","Agaricomycetes","Cantharellales","unidentified","unidentified","unidentified"
"480","Fungi","Ascomycota","Leotiomycetes","Helotiales","Mollisiaceae","Mollisia","unidentified"
"481","Fungi","Ascomycota","Orbiliomycetes","Orbiliales","Orbiliaceae","Dactylellina","unidentified"
"482","Fungi","Ascomycota","Eurotiomycetes","Eurotiales","Aspergillaceae","Monascus","Monascus purpureus"
"483","Fungi","Ascomycota","Sordariomycetes","Hypocreales","Niessliaceae","Monocillium","Monocillium indicum"
"484","Fungi","Ascomycota","Sordariomycetes","Hypocreales","Niessliaceae","Monocillium","Monocillium mucidum"
"485","Fungi","Ascomycota","Sordariomycetes","Xylariales","Hyponectriaceae","Monographella","Monographella nivalis"
"486","Fungi","Ascomycota","Sordariomycetes","Xylariales","Hyponectriaceae","Monographella","unidentified"
"490","Fungi","Ascomycota","Dothideomycetes","Pleosporales","Didymosphaeriaceae","Montagnula","Montagnula aloes"
"491","Fungi","Mucoromycota","Mortierellomycetes","Mortierellales","Mortierellaceae","Mortierella","Mortierella alpina"
"492","Fungi","Mucoromycota","Mortierellomycetes","Mortierellales","Mortierellaceae","Actinomortierella","Actinomortierella ambigua"
"493","Fungi","Mucoromycota","Mortierellomycetes","Mortierellales","Mortierellaceae","Linnemannia","Linnemannia amoeboidea"
"494","Fungi","Mucoromycota","Mortierellomycetes","Mortierellales","Mortierellaceae","Mortierella","Mortierella angusta"
"495","Fungi","Mucoromycota","Mortierellomycetes","Mortierellales","Mortierellaceae","Linnemannia","Linnemannia camargensis"
"496","Fungi","Mucoromycota","Mortierellomycetes","Mortierellales","Mortierellaceae","Lunasporangiospora","unidentified"
"497","Fungi","Mucoromycota","Mortierellomycetes","Mortierellales","Mortierellaceae","Entomortierella","unidentified"
"498","Fungi","Mucoromycota","Mortierellomycetes","Mortierellales","Mortierellaceae","Podila","Podila clonocystis"
"499","Fungi","Mucoromycota","Mortierellomycetes","Mortierellales","Mortierellaceae","Necromortierella","Necromortierella dichotoma"
"500","Fungi","Mucoromycota","Mortierellomycetes","Mortierellales","Mortierellaceae","Linnemannia","Linnemannia elongata"
"501","Fungi","Mucoromycota","Mortierellomycetes","Mortierellales","Mortierellaceae","Linnemannia","Linnemannia exigua"
"502","Fungi","Mucoromycota","Mortierellomycetes","Mortierellales","Mortierellaceae","Linnemannia","Linnemannia gamsii"
"504","Fungi","Mucoromycota","Mortierellomycetes","Mortierellales","Mortierellaceae","Podila","Podila humilis"
"505","Fungi","Mucoromycota","Mortierellomycetes","Mortierellales","Mortierellaceae","Linnemannia","Linnemannia hyalina"
"506","Fungi","Mucoromycota","Mortierellomycetes","Mortierellales","Mortierellaceae","Mortierella","Mortierella indohii"
"507","Fungi","Mucoromycota","Mortierellomycetes","Mortierellales","Mortierellaceae","Podila","Podila minutissima"
"508","Fungi","Mucoromycota","Mortierellomycetes","Mortierellales","Mortierellaceae","Mortierella","unidentified"
"509","Fungi","Mucoromycota","Mortierellomycetes","Mortierellales","Mortierellaceae","Mortierella","Mortierella rishikesha"
"510","Fungi","Mucoromycota","Mortierellomycetes","Mortierellales","Mortierellaceae","Mortierella","Mortierella sarnyensis"
"512","Fungi","Mucoromycota","Mortierellomycetes","Mortierellales","Mortierellaceae","Gamsiella","unidentified"
"513","Fungi","Mucoromycota","Mortierellomycetes","Mortierellales","Mortierellaceae","Mortierella","Mortierella zonata"
"514","Fungi","Mucoromycota","Mortierellomycetes","Mortierellales","Mortierellaceae","Linnemannia","Linnemannia zychae"
"515","Fungi","Basidiomycota","Tremellomycetes","Cystofilobasidiales","Mrakiaceae","Mrakia","Mrakia frigida"
"516","Fungi","Mucoromycota","Mucoromycetes","Mucorales","Mucoraceae","Mucor","Mucor brunneogriseus"
"517","Fungi","Mucoromycota","Mucoromycetes","Mucorales","Mucoraceae","Mucor","Mucor circinelloides"
"518","Fungi","Mucoromycota","Mucoromycetes","Mucorales","Mucoraceae","Mucor","Mucor hiemalis"
"519","Fungi","Mucoromycota","Mucoromycetes","Mucorales","Mucoraceae","Mucor","unidentified"
"520","Fungi","Basidiomycota","Agaricomycetes","Agaricales","Mycenaceae","Mycena","unidentified"
"521","Fungi","Ascomycota","Eurotiomycetes","Mycocaliciales","Mycocaliciaceae","Mycocalicium","unidentified"
"522","Fungi","Ascomycota","Dothideomycetes","Muyocopronales","Muyocopronaceae","Mycoleptodiscus","unidentified"
"523","Fungi","Ascomycota","Dothideomycetes","Mycosphaerellales","Mycosphaerellaceae","Mycosphaerella","unidentified"
"524","Fungi","Ascomycota","Sordariomycetes","Sordariales","Chaetomiaceae","Mycothermus","Mycothermus thermophilus"
"525","Fungi","Ascomycota","Sordariomycetes","Hypocreales","Stachybotryaceae","Myrothecium","Myrothecium inundatum"
"526","Fungi","Ascomycota","Sordariomycetes","Hypocreales","Stachybotryaceae","Myrothecium","unidentified"
"531","Fungi","Basidiomycota","Tremellomycetes","Filobasidiales","Filobasidiaceae","Naganishia","Naganishia adeliensis"
"532","Fungi","Basidiomycota","Tremellomycetes","Filobasidiales","Filobasidiaceae","Naganishia","Naganishia albida"
"533","Fungi","Basidiomycota","Tremellomycetes","Filobasidiales","Filobasidiaceae","Naganishia","Naganishia cerealis"
"534","Fungi","Basidiomycota","Tremellomycetes","Filobasidiales","Filobasidiaceae","Naganishia","Naganishia diffluens"
"535","Fungi","Ascomycota","Sordariomycetes","Hypocreales","Nectriaceae","Nectria","Nectria bactridioides"
"536","Fungi","Ascomycota","Dothideomycetes","Pleosporales","Didymellaceae","Neoascochyta","Neoascochyta exitialis"
"537","Fungi","Ascomycota","Dothideomycetes","Mycosphaerellales","Teratosphaeriaceae","Neocatenulostroma","unidentified"
"538","Fungi","Ascomycota","Dothideomycetes","Pleosporales","Cucurbitariaceae","Neocucurbitaria","Neocucurbitaria keratinophila"
"539","Fungi","Ascomycota","Dothideomycetes","Pleosporales","Cucurbitariaceae","Neocucurbitaria","Neocucurbitaria populi"
"540","Fungi","Ascomycota","Dothideomycetes","Mycosphaerellales","Neodevriesiaceae","Neodevriesia","Neodevriesia agapanthi"
"541","Fungi","Ascomycota","Dothideomycetes","Pleosporales","Didymellaceae","Neodidymelliopsis","Neodidymelliopsis cannabis"
"542","Fungi","Ascomycota","Dothideomycetes","Pleosporales","Didymellaceae","Neodidymelliopsis","Neodidymelliopsis ranunculi"
"543","Fungi","Ascomycota","Dothideomycetes","Botryosphaeriales","Botryosphaeriaceae","Neofusicoccum","Neofusicoccum algeriense"
"544","Fungi","Ascomycota","Dothideomycetes","Botryosphaeriales","Botryosphaeriaceae","Neofusicoccum","Neofusicoccum parvum"
"545","Fungi","Ascomycota","Sordariomycetes","Hypocreales","Nectriaceae","Neonectria","Neonectria candida"
"546","Fungi","Ascomycota","Sordariomycetes","Hypocreales","Nectriaceae","Neonectria","unidentified"
"548","Fungi","Ascomycota","Sordariomycetes","Xylariales","Sporocadaceae","Neopestalotiopsis","Neopestalotiopsis foedans"
"549","Fungi","Ascomycota","Eurotiomycetes","Chaetothyriales","unidentified","unidentified","unidentified"
"550","Fungi","Ascomycota","Dothideomycetes","Pleosporales","Phaeosphaeriaceae","Neosetophoma","unidentified"
"551","Fungi","Ascomycota","Dothideomycetes","Pleosporales","Phaeosphaeriaceae","Neostagonospora","unidentified"
"552","Fungi","Ascomycota","Dothideomycetes","Pleosporales","Massarinaceae","Neottiosporina","unidentified"
"553","Fungi","Ascomycota","Sordariomycetes","Sordariales","Sordariaceae","Neurospora","unidentified"
"555","Fungi","Basidiomycota","Cystobasidiomycetes","Cystobasidiales","unidentified","unidentified","unidentified"
"556","Fungi","Ascomycota","Dothideomycetes","Venturiales","Sympoventuriaceae","Ochroconis","Ochroconis constricta"
"557","Fungi","Ascomycota","Dothideomycetes","Venturiales","Sympoventuriaceae","Ochroconis","Ochroconis tshawytschae"
"558","Fungi","Ascomycota","Pezizomycetes","Pezizales","Pezizaceae","Oedocephalum","unidentified"
"565","Fungi","Basidiomycota","Agaricomycetes","Auriculariales","unidentified","unidentified","unidentified"
"566","Fungi","Olpidiomycota","Olpidiomycetes","Olpidiales","Olpidiaceae","Olpidium","Olpidium brassicae"
"567","Fungi","Ascomycota","Dothideomycetes","Pleosporales","Phaeosphaeriaceae","Ophiosphaerella","unidentified"
"570","Fungi","Ascomycota","Sordariomycetes","Sordariales","Chaetomiaceae","Ovatospora","unidentified"
"571","Fungi","Mucoromycota","Glomeromycetes","Diversisporales","Pacisporaceae","Pacispora","unidentified"
"573","Fungi","Zoopagomycota","Entomophthoromycetes","Entomophthorales","Entomophthoraceae","Pandora","Pandora bullata"
"574","Fungi","Basidiomycota","Tremellomycetes","Tremellales","Rhynchogastremataceae","Papiliotrema","Papiliotrema laurentii"
"575","Fungi","Ascomycota","Dothideomycetes","Pleosporales","Didymosphaeriaceae","Paraconiothyrium","Paraconiothyrium cyclothyrioides"
"576","Fungi","Ascomycota","Dothideomycetes","Pleosporales","Didymosphaeriaceae","Paraconiothyrium","Paraconiothyrium fuckelii"
"577","Fungi","Mucoromycota","Glomeromycetes","Paraglomerales","Paraglomeraceae","Paraglomus","Paraglomus laccatum"
"578","Fungi","Mucoromycota","Glomeromycetes","Paraglomerales","Paraglomeraceae","Paraglomus","unidentified"
"579","Fungi","Ascomycota","Dothideomycetes","Pleosporales","Didymosphaeriaceae","Paraphaeosphaeria","unidentified"
"582","Fungi","Ascomycota","Dothideomycetes","Pleosporales","Phaeosphaeriaceae","Paraphoma","Paraphoma chrysanthemicola"
"583","Fungi","Ascomycota","Dothideomycetes","Pleosporales","Phaeosphaeriaceae","Paraphoma","unidentified"
"584","Fungi","Ascomycota","Lecanoromycetes","Lecanorales","Parmeliaceae","Parmelia","unidentified"
"585","Fungi","Basidiomycota","Tremellomycetes","Trichosporonales","unidentified","unidentified","unidentified"
"586","Fungi","Ascomycota","Eurotiomycetes","Eurotiales","Penicillaginaceae","Penicillago","Penicillago nodositata"
"587","Fungi","Ascomycota","Eurotiomycetes","Eurotiales","Aspergillaceae","Penicillium","Penicillium adametzii"
"588","Fungi","Ascomycota","Eurotiomycetes","Eurotiales","Aspergillaceae","Penicillium","Penicillium adametzioides"
"589","Fungi","Ascomycota","Eurotiomycetes","Eurotiales","Aspergillaceae","Penicillium","Penicillium anatolicum"
"590","Fungi","Ascomycota","Eurotiomycetes","Eurotiales","Aspergillaceae","Penicillium","Penicillium aurantiogriseum"
"591","Fungi","Ascomycota","Eurotiomycetes","Eurotiales","Aspergillaceae","Penicillium","Penicillium bialowiezense"
"592","Fungi","Ascomycota","Eurotiomycetes","Eurotiales","Aspergillaceae","Penicillium","Penicillium bilaiae"
"593","Fungi","Ascomycota","Eurotiomycetes","Eurotiales","Aspergillaceae","Penicillium","Penicillium brasilianum"
"594","Fungi","Ascomycota","Eurotiomycetes","Eurotiales","Aspergillaceae","Penicillium","Penicillium brevicompactum"
"595","Fungi","Ascomycota","Eurotiomycetes","Eurotiales","Aspergillaceae","Penicillium","Penicillium camemberti"
"596","Fungi","Ascomycota","Eurotiomycetes","Eurotiales","Aspergillaceae","Penicillium","Penicillium capsulatum"
"597","Fungi","Ascomycota","Eurotiomycetes","Eurotiales","Aspergillaceae","Penicillium","Penicillium chrysogenum"
"598","Fungi","Ascomycota","Eurotiomycetes","Eurotiales","Aspergillaceae","Penicillium","Penicillium citrinum"
"599","Fungi","Ascomycota","Eurotiomycetes","Eurotiales","Aspergillaceae","Penicillium","Penicillium coralligerum"
"600","Fungi","Ascomycota","Eurotiomycetes","Eurotiales","Aspergillaceae","Penicillium","Penicillium crystallinum"
"601","Fungi","Ascomycota","Eurotiomycetes","Eurotiales","Aspergillaceae","Penicillium","Penicillium cyclopium"
"602","Fungi","Ascomycota","Eurotiomycetes","Eurotiales","Aspergillaceae","Penicillium","Penicillium digitatum"
"603","Fungi","Ascomycota","Eurotiomycetes","Eurotiales","Aspergillaceae","Penicillium","unidentified"
"604","Fungi","Ascomycota","Eurotiomycetes","Eurotiales","Aspergillaceae","Penicillium","Penicillium expansum"
"605","Fungi","Ascomycota","Eurotiomycetes","Eurotiales","Aspergillaceae","Penicillium","Penicillium glabrum"
"606","Fungi","Ascomycota","Eurotiomycetes","Eurotiales","Aspergillaceae","Penicillium","Penicillium griseofulvum"
"607","Fungi","Ascomycota","Eurotiomycetes","Eurotiales","Aspergillaceae","Penicillium","Penicillium herquei"
"608","Fungi","Ascomycota","Eurotiomycetes","Eurotiales","Aspergillaceae","Penicillium","Penicillium jugoslavicum"
"609","Fungi","Ascomycota","Eurotiomycetes","Eurotiales","Aspergillaceae","Penicillium","Penicillium levitum"
"611","Fungi","Ascomycota","Eurotiomycetes","Eurotiales","Aspergillaceae","Penicillium","Penicillium madriti"
"612","Fungi","Ascomycota","Eurotiomycetes","Eurotiales","Aspergillaceae","Penicillium","Penicillium mariae-crucis"
"613","Fungi","Ascomycota","Eurotiomycetes","Eurotiales","Aspergillaceae","Penicillium","Penicillium melinii"
"614","Fungi","Ascomycota","Eurotiomycetes","Eurotiales","Aspergillaceae","Penicillium","Penicillium menonorum"
"615","Fungi","Ascomycota","Eurotiomycetes","Eurotiales","Aspergillaceae","Penicillium","Penicillium monsgalena"
"616","Fungi","Ascomycota","Eurotiomycetes","Eurotiales","Aspergillaceae","Penicillium","Penicillium ochrochloron"
"617","Fungi","Ascomycota","Eurotiomycetes","Eurotiales","Aspergillaceae","Penicillium","Penicillium olsonii"
"618","Fungi","Ascomycota","Eurotiomycetes","Eurotiales","Aspergillaceae","Penicillium","Penicillium oxalicum"
"619","Fungi","Ascomycota","Eurotiomycetes","Eurotiales","Aspergillaceae","Penicillium","Penicillium pimiteouiense"
"620","Fungi","Ascomycota","Eurotiomycetes","Eurotiales","Trichocomaceae","Talaromyces","Talaromyces pinophilus"
"621","Fungi","Ascomycota","Eurotiomycetes","Eurotiales","Aspergillaceae","Penicillium","Penicillium polonicum"
"622","Fungi","Ascomycota","Eurotiomycetes","Eurotiales","Aspergillaceae","Penicillium","Penicillium restrictum"
"623","Fungi","Ascomycota","Eurotiomycetes","Eurotiales","Aspergillaceae","Penicillium","Penicillium roseopurpureum"
"624","Fungi","Ascomycota","Eurotiomycetes","Eurotiales","Aspergillaceae","Penicillium","Penicillium simplicissimum"
"625","Fungi","Ascomycota","Eurotiomycetes","Eurotiales","Aspergillaceae","Penicillium","Penicillium sizovae"
"628","Fungi","Ascomycota","Eurotiomycetes","Eurotiales","Aspergillaceae","Penicillium","Penicillium westlingii"
"629","Fungi","Basidiomycota","Agaricomycetes","Russulales","Peniophoraceae","Peniophora","Peniophora aurantiaca"
"630","Fungi","Basidiomycota","Agaricomycetes","Russulales","Peniophoraceae","Peniophora","Peniophora pini"
"631","Fungi","Ascomycota","Dothideomycetes","Pleosporales","Periconiaceae","Periconia","unidentified"
"632","Fungi","Ascomycota","Dothideomycetes","Pleosporales","Periconiaceae","Periconia","Periconia prolifica"
"634","Fungi","Ascomycota","Lecanoromycetes","Pertusariales","Pertusariaceae","Pertusaria","Pertusaria leioplaca"
"635","Fungi","Ascomycota","Sordariomycetes","Ophiostomatales","Ophiostomataceae","Pesotum","unidentified"
"636","Fungi","Ascomycota","Sordariomycetes","Xylariales","Sporocadaceae","Pestalotiopsis","Pestalotiopsis disseminata"
"637","Fungi","Ascomycota","Sordariomycetes","Microascales","Microascaceae","Petriella","unidentified"
"638","Fungi","Ascomycota","Pezizomycetes","Pezizales","Pezizaceae","Peziza","Peziza saccardoana"
"639","Fungi","Ascomycota","Pezizomycetes","Pezizales","Pezizaceae","Peziza","unidentified"
"640","Fungi","Ascomycota","Pezizomycetes","Pezizales","Pezizaceae","Peziza","Peziza subcitrina"
"641","Fungi","Ascomycota","Leotiomycetes","Helotiales","Hyaloscyphaceae","Pezizella","Pezizella chrysostigma"
"642","Fungi","Ascomycota","Sordariomycetes","Togniniales","Togniniaceae","Phaeoacremonium","Phaeoacremonium australiense"
"643","Fungi","Ascomycota","Sordariomycetes","Togniniales","Togniniaceae","Phaeoacremonium","Phaeoacremonium fraxinopennsylvanicum"
"644","Fungi","Ascomycota","Sordariomycetes","Togniniales","Togniniaceae","Phaeoacremonium","Phaeoacremonium hungaricum"
"645","Fungi","Ascomycota","Sordariomycetes","Togniniales","Togniniaceae","Phaeoacremonium","Phaeoacremonium iranianum"
"646","Fungi","Ascomycota","Arthoniomycetes","Lichenostigmatales","Phaeococcomycetaceae","Phaeococcomyces","Phaeococcomyces mexicanus"
"647","Fungi","Ascomycota","Arthoniomycetes","Lichenostigmatales","Phaeococcomycetaceae","Phaeococcomyces","unidentified"
"648","Fungi","Ascomycota","Sordariomycetes","Diaporthales","Diaporthaceae","Phaeocytostroma","Phaeocytostroma ambiguum"
"649","Fungi","Ascomycota","Eurotiomycetes","Phaeomoniellales","Phaeomoniellaceae","Phaeomoniella","unidentified"
"650","Fungi","Ascomycota","Dothideomycetes","Pleosporales","Phaeosphaeriaceae","Phaeosphaeria","unidentified"
"651","Fungi","Ascomycota","Dothideomycetes","Mycosphaerellales","Teratosphaeriaceae","Phaeothecoidea","Phaeothecoidea intermedia"
"652","Fungi","Basidiomycota","Agaricomycetes","Phallales","Phallaceae","Phallus","Phallus rugulosus"
"653","Fungi","Ascomycota","Sordariomycetes","Ophiostomatales","Ophiostomataceae","Phialocephala","unidentified"
"654","Fungi","Ascomycota","Eurotiomycetes","Chaetothyriales","Herpotrichiellaceae","Phialophora","Phialophora americana"
"655","Fungi","Ascomycota","Eurotiomycetes","Chaetothyriales","Herpotrichiellaceae","Phialophora","Phialophora geniculata"
"657","Fungi","Basidiomycota","Agaricomycetes","Polyporales","Phanerochaetaceae","Phlebiopsis","Phlebiopsis gigantea"
"658","Fungi","Basidiomycota","Agaricomycetes","Agaricales","Strophariaceae","Pholiota","Pholiota conissans"
"659","Fungi","Basidiomycota","Agaricomycetes","Agaricales","Bolbitiaceae","Pholiotina","Pholiotina sulcata"
"660","Fungi","Ascomycota","Dothideomycetes","Pleosporales","Didymellaceae","Phoma","Phoma adonidicola"
"661","Fungi","Ascomycota","Dothideomycetes","Pleosporales","Pleosporaceae","Neocamarosporium","unidentified"
"662","Fungi","Ascomycota","Dothideomycetes","Pleosporales","Didymellaceae","Phoma","Phoma herbarum"
"663","Fungi","Ascomycota","Dothideomycetes","Pleosporales","Didymellaceae","Phoma","unidentified"
"664","Fungi","Ascomycota","Sordariomycetes","Diaporthales","Valsaceae","Phomopsis","unidentified"
"665","Fungi","Ascomycota","Dothideomycetes","Botryosphaeriales","Phyllostictaceae","Phyllosticta","Phyllosticta sojicola"
"667","Fungi","Ascomycota","Saccharomycetes","Saccharomycetales","Pichiaceae","Pichia","Pichia fermentans"
"668","Fungi","Ascomycota","Saccharomycetes","Saccharomycetales","Pichiaceae","Pichia","Pichia kluyveri"
"669","Fungi","Ascomycota","Saccharomycetes","Saccharomycetales","Pichiaceae","Pichia","Pichia kudriavzevii"
"670","Fungi","Ascomycota","Saccharomycetes","Saccharomycetales","Pichiaceae","Pichia","Pichia membranifaciens"
"671","Fungi","Ascomycota","Saccharomycetes","Saccharomycetales","Pichiaceae","Pichia","unidentified"
"672","Fungi","Ascomycota","Sordariomycetes","Glomerellales","Plectosphaerellaceae","Plectosphaerella","unidentified"
"675","Fungi","Ascomycota","Sordariomycetes","Calosphaeriales","Pleurostomataceae","Pleurostoma","Pleurostoma richardsiae"
"676","Fungi","Ascomycota","Sordariomycetes","Hypocreales","Clavicipitaceae","Pochonia","unidentified"
"677","Fungi","Ascomycota","Sordariomycetes","Sordariales","Chaetomiaceae","Podospora","unidentified"
"683","Fungi","Ascomycota","Eurotiomycetes","Verrucariales","Verrucariaceae","Polyblastia","Polyblastia abscondita"
"685","Fungi","Ascomycota","Eurotiomycetes","Onygenales","Ajellomycetaceae","Polytolypa","Polytolypa hystricis"
"686","Fungi","Ascomycota","Dothideomycetes","Pleosporales","Sporormiaceae","Preussia","Preussia flanaganii"
"687","Fungi","Ascomycota","Dothideomycetes","Pleosporales","Sporormiaceae","Preussia","unidentified"
"688","Fungi","Ascomycota","Leotiomycetes","Helotiales","Hyaloscyphaceae","Proliferodiscus","unidentified"
"689","Fungi","Ascomycota","Taphrinomycetes","Taphrinales","Protomycetaceae","Protomyces","unidentified"
"690","Fungi","Basidiomycota","Agaricomycetes","Agaricales","Psathyrellaceae","Psathyrella","Psathyrella complutensis"
"691","Fungi","Basidiomycota","Agaricomycetes","Agaricales","Psathyrellaceae","Psathyrella","Psathyrella maculata"
"692","Fungi","Basidiomycota","Agaricomycetes","Agaricales","Psathyrellaceae","Psathyrella","unidentified"
"693","Fungi","Basidiomycota","Agaricomycetes","Agaricales","Psathyrellaceae","Psathyrella","Psathyrella stercoraria"
"694","Fungi","Ascomycota","Pezizomycetes","Pezizales","Pyronemataceae","Pseudaleuria","unidentified"
"698","Fungi","Ascomycota","Dothideomycetes","Mycosphaerellales","Mycosphaerellaceae","Pseudocercospora","unidentified"
"702","Fungi","Basidiomycota","Microbotryomycetes","unidentified","unidentified","unidentified","unidentified"
"703","Fungi","Ascomycota","Eurotiomycetes","Eurotiales","Aspergillaceae","Pseudopenicillium","unidentified"
"704","Fungi","Ascomycota","Dothideomycetes","Pleosporales","Didymosphaeriaceae","Pseudopithomyces","Pseudopithomyces chartarum"
"705","Fungi","Ascomycota","Dothideomycetes","Pleosporales","Pseudopyrenochaetaceae","Pseudopyrenochaeta","Pseudopyrenochaeta lycopersici"
"706","Fungi","Ascomycota","Sordariomycetes","Sordariales","Chaetomiaceae","Pseudothielavia","Pseudothielavia terricola"
"707","Fungi","Basidiomycota","Tremellomycetes","Tremellales","Bulleraceae","Pseudotremella","Pseudotremella moriformis"
"708","Fungi","Basidiomycota","Agaricomycetes","Agaricales","Strophariaceae","Psilocybe","unidentified"
"709","Fungi","Ascomycota","Pezizomycetes","Pezizales","Pyronemataceae","Pulvinula","unidentified"
"710","Fungi","Ascomycota","Sordariomycetes","Hypocreales","Ophiocordycipitaceae","Purpureocillium","Purpureocillium lilacinum"
"711","Fungi","Ascomycota","Dothideomycetes","Pleosporales","Cucurbitariaceae","Pyrenochaeta","unidentified"
"712","Fungi","Ascomycota","Dothideomycetes","Pleosporales","Pyrenochaetopsidaceae","Pyrenochaetopsis","Pyrenochaetopsis decipiens"
"713","Fungi","Ascomycota","Dothideomycetes","Pleosporales","Pyrenochaetopsidaceae","Pyrenochaetopsis","unidentified"
"716","Fungi","Ascomycota","Dothideomycetes","Pleosporales","Pleosporaceae","Pyrenophora","Pyrenophora lolii"
"717","Fungi","Ascomycota","Dothideomycetes","Pleosporales","Pleosporaceae","Pyrenophora","Pyrenophora teres"
"718","Fungi","Ascomycota","Dothideomycetes","Pleosporales","Pleosporaceae","Pyrenophora","Pyrenophora triseptata"
"719","Fungi","Ascomycota","Pezizomycetes","Pezizales","Pyronemataceae","Pyronema","unidentified"
"720","Fungi","Ascomycota","Dothideomycetes","Pleosporales","Leptosphaeriaceae","Querciphoma","Querciphoma carteri"
"721","Fungi","Basidiomycota","Agaricomycetes","Agaricales","Clavariaceae","Ramariopsis","Ramariopsis corniculata"
"723","Fungi","Ascomycota","Dothideomycetes","Mycosphaerellales","Mycosphaerellaceae","Ramularia","Ramularia glennii"
"724","Fungi","Ascomycota","Dothideomycetes","Mycosphaerellales","Mycosphaerellaceae","Ramularia","Ramularia grevilleana"
"727","Fungi","Ascomycota","Eurotiomycetes","Chaetothyriales","Herpotrichiellaceae","Rhinocladiella","unidentified"
"728","Fungi","Ascomycota","Pezizomycetes","Pezizales","Rhizinaceae","Rhizina","Rhizina undulata"
"729","Fungi","Mucoromycota","Mucoromycetes","Mucorales","Rhizopodaceae","Rhizopus","Rhizopus oryzae"
"730","Fungi","Basidiomycota","Microbotryomycetes","Sporidiobolales","Sporidiobolaceae","Rhodotorula","Rhodotorula babjevae"
"731","Fungi","Basidiomycota","Microbotryomycetes","Sporidiobolales","Sporidiobolaceae","Rhodotorula","Rhodotorula diobovata"
"732","Fungi","Basidiomycota","Microbotryomycetes","Sporidiobolales","Sporidiobolaceae","Rhodotorula","Rhodotorula mucilaginosa"
"733","Fungi","Basidiomycota","Microbotryomycetes","Sporidiobolales","Sporidiobolaceae","Rhodotorula","unidentified"
"735","Fungi","Ascomycota","Lecanoromycetes","Caliciales","Physciaceae","Rinodina","Rinodina sophodes"
"736","Fungi","Basidiomycota","Agaricomycetes","Russulales","Russulaceae","Russula","Russula livescens"
"737","Fungi","Basidiomycota","Agaricomycetes","Russulales","Russulaceae","Russula","Russula nigricans"
"738","Fungi","Basidiomycota","Agaricomycetes","Russulales","Russulaceae","Russula","unidentified"
"739","Fungi","Ascomycota","Saccharomycetes","Saccharomycetales","Saccharomycetaceae","Saccharomyces","Saccharomyces cerevisiae"
"740","Fungi","Ascomycota","Eurotiomycetes","Eurotiales","Trichocomaceae","Sagenomella","unidentified"
"742","Fungi","Basidiomycota","Tremellomycetes","Tremellales","Trimorphomycetaceae","Saitozyma","Saitozyma podzolica"
"743","Fungi","Basidiomycota","Cystobasidiomycetes","unidentified","unidentified","unidentified","unidentified"
"746","Fungi","Ascomycota","Sordariomycetes","Hypocreales","Sarocladiaceae","Sarocladium","Sarocladium implicatum"
"747","Fungi","Ascomycota","Sordariomycetes","Hypocreales","Sarocladiaceae","Sarocladium","Sarocladium strictum"
"748","Fungi","Ascomycota","Sordariomycetes","Sordariales","Lasiosphaeriaceae","Schizothecium","Schizothecium carpinicola"
"749","Fungi","Ascomycota","Sordariomycetes","Sordariales","Lasiosphaeriaceae","Schizothecium","unidentified"
"750","Fungi","Ascomycota","Sordariomycetes","Sordariales","Lasiosphaeriaceae","Schizothecium","Schizothecium miniglutinans"
"752","Fungi","Basidiomycota","Agaricomycetes","Boletales","Sclerodermataceae","Scleroderma","Scleroderma verrucosum"
"753","Fungi","Ascomycota","Dothideomycetes","Pleosporales","Phaeosphaeriaceae","Sclerostagonospora","unidentified"
"754","Fungi","Ascomycota","Leotiomycetes","Helotiales","Sclerotiniaceae","Sclerotinia","Sclerotinia minor"
"755","Fungi","Ascomycota","Dothideomycetes","Venturiales","Sympoventuriaceae","Scolecobasidium","unidentified"
"756","Fungi","Ascomycota","Lecanoromycetes","Lecanorales","Lecanoraceae","Scoliciosporum","unidentified"
"757","Fungi","Ascomycota","Sordariomycetes","Microascales","Microascaceae","Scopulariopsis","Scopulariopsis brevicaulis"
"758","Fungi","Ascomycota","Sordariomycetes","Microascales","Microascaceae","Scopulariopsis","Scopulariopsis candida"
"759","Fungi","Ascomycota","Pezizomycetes","Pezizales","Pyronemataceae","Scutellinia","unidentified"
"760","Fungi","Ascomycota","Pezizomycetes","Pezizales","Pyronemataceae","Scutellinia","Scutellinia torrentis"
"764","Fungi","Basidiomycota","Agaricomycetes","Sebacinales","Sebacinaceae","Sebacina","unidentified"
"765","Fungi","Ascomycota","Dothideomycetes","Pleosporales","Melanommataceae","Seifertia","Seifertia azaleae"
"766","Fungi","Ascomycota","Sordariomycetes","Hypocreales","Tilachlidiaceae","Septofusidium","Septofusidium herbarum"
"767","Fungi","Ascomycota","Dothideomycetes","Mycosphaerellales","Mycosphaerellaceae","Septoria","Septoria glycines"
"768","Fungi","Ascomycota","Dothideomycetes","Mycosphaerellales","Mycosphaerellaceae","Septoria","Septoria pistaciarum"
"769","Fungi","Basidiomycota","Agaricomycetes","Sebacinales","Serendipitaceae","Serendipita","Serendipita indica"
"770","Fungi","Basidiomycota","Agaricomycetes","Sebacinales","Serendipitaceae","unidentified","unidentified"
"771","Fungi","Basidiomycota","Agaricomycetes","Sebacinales","Serendipitaceae","Serendipita","Serendipita vermifera"
"772","Fungi","Basidiomycota","Agaricomycetes","Boletales","Serpulaceae","Serpula","Serpula himantioides"
"773","Fungi","Ascomycota","Dothideomycetes","Pleosporales","Phaeosphaeriaceae","Setophaeosphaeria","unidentified"
"775","Fungi","Ascomycota","Dothideomycetes","Pleosporales","Phaeosphaeriaceae","Setophoma","Setophoma terrestris"
"776","Fungi","Basidiomycota","Agaricomycetes","Corticiales","Corticiaceae","Sistotrema","unidentified"
"777","Fungi","Basidiomycota","Agaricomycetes","Trechisporales","unidentified","unidentified","unidentified"
"778","Fungi","Zoopagomycota","Harpellomycetes","Harpellales","Legeriomycetaceae","Smittium","Smittium morbosum"
"779","Fungi","Ascomycota","Sordariomycetes","Glomerellales","Plectosphaerellaceae","Sodiomyces","Sodiomyces alcalophilus"
"780","Fungi","Basidiomycota","Tremellomycetes","Filobasidiales","Piskurozymaceae","Solicoccozyma","Solicoccozyma aeria"
"781","Fungi","Basidiomycota","Tremellomycetes","Filobasidiales","Piskurozymaceae","Solicoccozyma","Solicoccozyma phenolica"
"782","Fungi","Basidiomycota","Tremellomycetes","Filobasidiales","Piskurozymaceae","Solicoccozyma","Solicoccozyma terrea"
"783","Fungi","Basidiomycota","Tremellomycetes","Filobasidiales","Piskurozymaceae","Solicoccozyma","Solicoccozyma terricola"
"788","Fungi","Basidiomycota","Microbotryomycetes","Sporidiobolales","Sporidiobolaceae","Sporobolomyces","Sporobolomyces beijingensis"
"789","Fungi","Basidiomycota","Microbotryomycetes","Sporidiobolales","Sporidiobolaceae","Sporobolomyces","Sporobolomyces lactosus"
"790","Fungi","Basidiomycota","Microbotryomycetes","Sporidiobolales","Sporidiobolaceae","Sporobolomyces","unidentified"
"791","Fungi","Ascomycota","Dothideomycetes","Pleosporales","Sporormiaceae","Sporormia","Sporormia fimetaria"
"792","Fungi","Ascomycota","Dothideomycetes","Pleosporales","Sporormiaceae","Sporormia","unidentified"
"793","Fungi","Ascomycota","Dothideomycetes","Pleosporales","Sporormiaceae","Sporormiella","unidentified"
"794","Fungi","Ascomycota","Sordariomycetes","Hypocreales","Stachybotryaceae","Stachybotrys","Stachybotrys chartarum"
"795","Fungi","Ascomycota","Sordariomycetes","Hypocreales","Stachybotryaceae","Stachybotrys","unidentified"
"796","Fungi","Ascomycota","Dothideomycetes","Pleosporales","Massarinaceae","Stagonospora","unidentified"
"797","Fungi","Ascomycota","Dothideomycetes","Pleosporales","Didymellaceae","Stagonosporopsis","unidentified"
"798","Fungi","Ascomycota","Sordariomycetes","Sordariales","Chaetomiaceae","Staphylotrichum","unidentified"
"799","Fungi","Ascomycota","Eurotiomycetes","Verrucariales","Verrucariaceae","Staurothele","Staurothele areolata"
"800","Fungi","Ascomycota","Dothideomycetes","Pleosporales","Pleosporaceae","Stemphylium","Stemphylium amaranthi"
"801","Fungi","Ascomycota","Dothideomycetes","Pleosporales","Pleosporaceae","Stemphylium","Stemphylium vesicarium"
"802","Fungi","Ascomycota","Sordariomycetes","Hypocreales","Nectriaceae","Stephanonectria","unidentified"
"803","Fungi","Basidiomycota","Agaricomycetes","Russulales","Stereaceae","Stereum","Stereum hirsutum"
"805","Fungi","Ascomycota","Sordariomycetes","Hypocreales","Stachybotryaceae","Striatibotrys","Striatibotrys oleronensis"
"806","Fungi","Basidiomycota","Agaricomycetes","Agaricales","Physalacriaceae","Strobilurus","Strobilurus stephanocystis"
"807","Fungi","Basidiomycota","Agaricomycetes","Agaricales","Physalacriaceae","Strobilurus","Strobilurus tenacellus"
"808","Fungi","Ascomycota","Leotiomycetes","Helotiales","Sclerotiniaceae","Stromatinia","Stromatinia narcissi"
"809","Fungi","Basidiomycota","Agaricomycetes","Boletales","Suillaceae","Suillus","Suillus collinitus"
"810","Fungi","Ascomycota","Dothideomycetes","Dothideales","Dothioraceae","Sydowia","unidentified"
"812","Fungi","Ascomycota","Dothideomycetes","Kirschsteiniotheliales","Kirschsteiniotheliaceae","Taeniolella","unidentified"
"813","Fungi","Ascomycota","Eurotiomycetes","Eurotiales","Trichocomaceae","Talaromyces","Talaromyces amestolkiae"
"814","Fungi","Ascomycota","Eurotiomycetes","Eurotiales","Trichocomaceae","Talaromyces","Talaromyces australis"
"815","Fungi","Ascomycota","Eurotiomycetes","Eurotiales","Trichocomaceae","Talaromyces","Talaromyces columbinus"
"816","Fungi","Ascomycota","Eurotiomycetes","Eurotiales","Trichocomaceae","Talaromyces","Talaromyces marneffei"
"817","Fungi","Ascomycota","Eurotiomycetes","Eurotiales","Trichocomaceae","Talaromyces","Talaromyces minioluteus"
"818","Fungi","Ascomycota","Eurotiomycetes","Eurotiales","Trichocomaceae","Talaromyces","Talaromyces proteolyticus"
"819","Fungi","Ascomycota","Eurotiomycetes","Eurotiales","Trichocomaceae","Talaromyces","Talaromyces purpureogenus"
"820","Fungi","Ascomycota","Eurotiomycetes","Eurotiales","Trichocomaceae","Talaromyces","Talaromyces rugulosus"
"821","Fungi","Ascomycota","Eurotiomycetes","Eurotiales","Trichocomaceae","Talaromyces","unidentified"
"822","Fungi","Basidiomycota","Tremellomycetes","Cystofilobasidiales","Mrakiaceae","Tausonia","Tausonia pullulans"
"823","Fungi","Ascomycota","Pezizomycetes","Pezizales","Pezizaceae","Terfezia","unidentified"
"828","Fungi","Basidiomycota","Tremellomycetes","Trichosporonales","Tetragoniomycetaceae","Tetragoniomyces","Tetragoniomyces uliginosus"
"829","Fungi","Ascomycota","Sordariomycetes","Hypocreales","Nectriaceae","Thelonectria","Thelonectria rubi"
"830","Fungi","Ascomycota","Eurotiomycetes","Eurotiales","Trichocomaceae","Thermomyces","Thermomyces lanuginosus"
"831","Fungi","Ascomycota","Sordariomycetes","Sordariales","Chaetomiaceae","Thielavia","Thielavia basicola"
"833","Fungi","Basidiomycota","Agaricomycetes","Thelephorales","Thelephoraceae","Tomentella","unidentified"
"834","Fungi","Ascomycota","Dothideomycetes","Pleosporales","Torulaceae","Torula","unidentified"
"835","Fungi","Ascomycota","Saccharomycetes","Saccharomycetales","Saccharomycetaceae","Torulaspora","unidentified"
"836","Fungi","Basidiomycota","Agaricomycetes","Trechisporales","Hydnodontaceae","Trechispora","unidentified"
"837","Fungi","Ascomycota","Sordariomycetes","Sordariales","Chaetomiaceae","Triangularia","Triangularia phialophoroides"
"838","Fungi","Ascomycota","Leotiomycetes","Rhytismatales","Calloriaceae","Tricellula","Tricellula aurantiaca"
"839","Fungi","Ascomycota","Sordariomycetes","Hypocreales","Hypocreaceae","Trichoderma","Trichoderma aerugineum"
"840","Fungi","Ascomycota","Sordariomycetes","Hypocreales","Hypocreaceae","Trichoderma","unidentified"
"841","Fungi","Ascomycota","Sordariomycetes","Hypocreales","Hypocreaceae","Trichoderma","Trichoderma atroviride"
"842","Fungi","Ascomycota","Sordariomycetes","Hypocreales","Hypocreaceae","Trichoderma","Trichoderma citrinoviride"
"843","Fungi","Ascomycota","Sordariomycetes","Hypocreales","Hypocreaceae","Trichoderma","Trichoderma compactum"
"845","Fungi","Ascomycota","Sordariomycetes","Hypocreales","Hypocreaceae","Trichoderma","Trichoderma tomentosum"
"846","Fungi","Ascomycota","Saccharomycetes","Saccharomycetales","Trichomonascaceae","Trichomonascus","Trichomonascus ciferrii"
"847","Fungi","Basidiomycota","Tremellomycetes","Trichosporonales","Trichosporonaceae","Trichosporon","unidentified"
"850","Fungi","Ascomycota","Sordariomycetes","Xylariales","Sporocadaceae","Truncatella","Truncatella laurocerasi"
"851","Fungi","Ascomycota","Pezizomycetes","Pezizales","Tuberaceae","Tuber","unidentified"
"852","Fungi","Ascomycota","Dothideomycetes","Tubeufiales","Tubeufiaceae","Tubeufia","Tubeufia cerea"
"853","Fungi","Ascomycota","Dothideomycetes","Tubeufiales","Tubeufiaceae","Tubeufia","Tubeufia helicomyces"
"854","Fungi","Basidiomycota","Agaricomycetes","Agaricales","Agaricaceae","Tulostoma","Tulostoma brumale"
"856","Fungi","Basidiomycota","Agaricomycetes","Thelephorales","Typhulaceae","Typhula","Typhula incarnata"
"857","Fungi","Ascomycota","Dothideomycetes","Venturiales","Venturiaceae","Tyrannosorus","Tyrannosorus hystrioides"
"858","Fungi","Mucoromycota","Umbelopsidomycetes","Umbelopsidales","Umbelopsidaceae","Umbelopsis","Umbelopsis dimorpha"
"859","Fungi","Mucoromycota","Umbelopsidomycetes","Umbelopsidales","Umbelopsidaceae","Umbelopsis","unidentified"
"860","Fungi","Ascomycota","Orbiliomycetes","Orbiliales","unidentified","unidentified","unidentified"
"861","Fungi","Ascomycota","Dothideomycetes","Venturiales","Sympoventuriaceae","Veronaeopsis","Veronaeopsis simplex"
"862","Fungi","Ascomycota","Eurotiomycetes","Verrucariales","Verrucariaceae","Verrucaria","Verrucaria viridula"
"863","Fungi","Ascomycota","Sordariomycetes","Glomerellales","Plectosphaerellaceae","Verticillium","Verticillium dahliae"
"864","Fungi","Ascomycota","Sordariomycetes","Glomerellales","Plectosphaerellaceae","Verticillium","Verticillium isaacii"
"865","Fungi","Basidiomycota","Tremellomycetes","Tremellales","Bulleribasidiaceae","Vishniacozyma","Vishniacozyma carnescens"
"866","Fungi","Basidiomycota","Tremellomycetes","Tremellales","Bulleribasidiaceae","Vishniacozyma","Vishniacozyma dimennae"
"867","Fungi","Basidiomycota","Tremellomycetes","Tremellales","Bulleribasidiaceae","Vishniacozyma","Vishniacozyma heimaeyensis"
"868","Fungi","Basidiomycota","Tremellomycetes","Tremellales","Bulleribasidiaceae","Vishniacozyma","Vishniacozyma victoriae"
"869","Fungi","Ascomycota","Sordariomycetes","Hypocreales","Nectriaceae","Volutella","unidentified"
"870","Fungi","Basidiomycota","Agaricomycetes","Corticiales","Vuilleminiaceae","Vuilleminia","unidentified"
"871","Fungi","Basidiomycota","Agaricomycetes","Cantharellales","Ceratobasidiaceae","Waitea","Waitea circinata"
"872","Fungi","Basidiomycota","Wallemiomycetes","Wallemiales","Wallemiaceae","Wallemia","Wallemia hederae"
"873","Fungi","Basidiomycota","Wallemiomycetes","Wallemiales","Wallemiaceae","Wallemia","Wallemia muriae"
"874","Fungi","Basidiomycota","Wallemiomycetes","Wallemiales","Wallemiaceae","Wallemia","Wallemia sebi"
"876","Fungi","Ascomycota","Sordariomycetes","Microascales","Microascaceae","Wardomyces","Wardomyces humicola"
"877","Fungi","Ascomycota","Sordariomycetes","Microascales","Microascaceae","Wardomyces","Wardomyces inflatus"
"878","Fungi","Ascomycota","Sordariomycetes","Microascales","Microascaceae","Wardomycopsis","unidentified"
"879","Fungi","Ascomycota","Saccharomycetes","Saccharomycetales","Phaffomycetaceae","Wickerhamomyces","Wickerhamomyces anomalus"
"880","Fungi","Ascomycota","Saccharomycetes","Saccharomycetales","Phaffomycetaceae","Wickerhamomyces","Wickerhamomyces onychis"
"881","Fungi","Ascomycota","Saccharomycetes","Saccharomycetales","Phaffomycetaceae","Wickerhamomyces","unidentified"
"884","Fungi","Ascomycota","Sordariomycetes","Microascales","Microascaceae","Yunnania","Yunnania penicillata"
"885","Fungi","Ascomycota","Dothideomycetes","Mycosphaerellales","Mycosphaerellaceae","Zasmidium","Zasmidium cellare"
"886","Fungi","Ascomycota","Dothideomycetes","Mycosphaerellales","Mycosphaerellaceae","Zasmidium","Zasmidium musigenum"
"887","Fungi","Ascomycota","Sordariomycetes","Sordariales","Chaetomiaceae","Zopfiella","Zopfiella marina"
"888","Fungi","Ascomycota","Sordariomycetes","Sordariales","Chaetomiaceae","Zopfiella","unidentified"
"889","Fungi","Ascomycota","Sordariomycetes","Xylariales","Zygosporiaceae","Zygosporium","unidentified"
"890","Fungi","Ascomycota","Saccharomycetes","Saccharomycetales","Saccharomycetaceae","Zygotorulaspora","unidentified"
"891","Fungi","Ascomycota","Dothideomycetes","Mycosphaerellales","Mycosphaerellaceae","Zymoseptoria","Zymoseptoria tritici"
